MEMBER_KEY,MEMBER_NAME,YEAR,TARGET_SPEND
0b932199de6362f08310564b39a48a10,Stockexe Ltd t/a Stock Exe Building Supplies,2022,0
0b932199de6362f08310564b39a48a10,Stockexe Ltd t/a Stock Exe Building Supplies,2023,27693
0b932199de6362f08310564b39a48a10,Stockexe Ltd t/a Stock Exe Building Supplies,2024,33583
0ce21bd598daf9317b5d8bbe669ad5df,Scots Bearings Ltd Aberdeen,2022,493000
0ce21bd598daf9317b5d8bbe669ad5df,Scots Bearings Ltd Aberdeen,2023,584187
0ce21bd598daf9317b5d8bbe669ad5df,Scots Bearings Ltd Aberdeen,2024,683934
0da2eb122ab939a200abf01e9b203194,JBS Group NI (Derry) Londonderry,2022,2212000
0da2eb122ab939a200abf01e9b203194,JBS Group NI (Derry) Londonderry,2023,630859
0da2eb122ab939a200abf01e9b203194,JBS Group NI (Derry) Londonderry,2024,658449
0e3daf609f4e820c92f98f70bac4ec35,DJM Tools & Ind Supplies,2022,90000
0e3daf609f4e820c92f98f70bac4ec35,DJM Tools & Ind Supplies,2023,93600
0e3daf609f4e820c92f98f70bac4ec35,DJM Tools & Ind Supplies,2024,80185
0fe729f4e6783af65a85ac4328f5955e,Kayfast Limited,2022,8000
0fe729f4e6783af65a85ac4328f5955e,Kayfast Limited,2023,8289
0fe729f4e6783af65a85ac4328f5955e,Kayfast Limited,2024,21697
1ba9442e90d183f0a24b96c1868237cf,Multiquip Supplies Ltd,2022,180000
1ba9442e90d183f0a24b96c1868237cf,Multiquip Supplies Ltd,2023,196207
1ba9442e90d183f0a24b96c1868237cf,Multiquip Supplies Ltd,2024,225883
2bc61fefe1573bfe945f61e78f265700,Evoke Supplies Ltd,2022,482000
2bc61fefe1573bfe945f61e78f265700,Evoke Supplies Ltd,2023,570856
2bc61fefe1573bfe945f61e78f265700,Evoke Supplies Ltd,2024,582506
2caa6eb6baaf4db1ff94497da9adbea2,Box Ltd,2022,76000
2caa6eb6baaf4db1ff94497da9adbea2,Box Ltd,2023,0
2dd9b6f8742bac321f84474a725b37fd,United Welding Supplies Ltd,2022,97000
2dd9b6f8742bac321f84474a725b37fd,United Welding Supplies Ltd,2023,107066
2dd9b6f8742bac321f84474a725b37fd,United Welding Supplies Ltd,2024,112737
2e2b4b5e4d8a531f42c50344c4859c5b,Trent Industrial Supplies Ltd,2022,111000
2e2b4b5e4d8a531f42c50344c4859c5b,Trent Industrial Supplies Ltd,2023,149330
2e2b4b5e4d8a531f42c50344c4859c5b,Trent Industrial Supplies Ltd,2024,124276
3a5b98232d5a4620c3a986ac2cfa539a,Ron Smith & Co,2024,43776
3a6699e7534f230a1a7d239c0ab4224d,Data Power Tools Ltd,2022,2808000
3a6699e7534f230a1a7d239c0ab4224d,Data Power Tools Ltd,2023,2781443
3a6699e7534f230a1a7d239c0ab4224d,Data Power Tools Ltd,2024,3686511
3abaf221219c7be359d22652c14b0594,Flotec Industrial Ltd,2022,57000
3abaf221219c7be359d22652c14b0594,Flotec Industrial Ltd,2023,68426
3abaf221219c7be359d22652c14b0594,Flotec Industrial Ltd,2024,94460
3f3472b930f9747de303573ebe20d4f6,Direct Tool Sales Ltd,2022,34000
3f3472b930f9747de303573ebe20d4f6,Direct Tool Sales Ltd,2023,27594
3f3472b930f9747de303573ebe20d4f6,Direct Tool Sales Ltd,2024,27235
4d2eefb64a0fad4275dd69782098dd7e,Mackays of Cambridge Ltd,2022,131000
4d2eefb64a0fad4275dd69782098dd7e,Mackays of Cambridge Ltd,2023,173384
4d2eefb64a0fad4275dd69782098dd7e,Mackays of Cambridge Ltd,2024,150377
4d79ea454df57edc9db99a382a9d530a,Cassells Industrial Products Ltd,2022,956000
4d79ea454df57edc9db99a382a9d530a,Cassells Industrial Products Ltd,2023,1016290
4d79ea454df57edc9db99a382a9d530a,Cassells Industrial Products Ltd,2024,985545
4d879aba68f3c3a4da7d31f2d4588a58,John Taylor Fasteners Ltd,2022,714000
4d879aba68f3c3a4da7d31f2d4588a58,John Taylor Fasteners Ltd,2023,686016
4d879aba68f3c3a4da7d31f2d4588a58,John Taylor Fasteners Ltd,2024,622039
4e0fd7417790a8af5aee0d5750d3a21a,TFC Engineering Services (Keighley),2022,919000
4e0fd7417790a8af5aee0d5750d3a21a,TFC Engineering Services (Keighley),2023,1007841
4e0fd7417790a8af5aee0d5750d3a21a,TFC Engineering Services (Keighley),2024,867121
4e7e789e159825a754eebeace272b736,NSERT UK Ltd,2022,235000
4e7e789e159825a754eebeace272b736,NSERT UK Ltd,2023,297965
4e7e789e159825a754eebeace272b736,NSERT UK Ltd,2024,325745
4f86eeb920e83886110b834ef0e2528f,Anglian Tool Agency Ltd,2022,50000
4f86eeb920e83886110b834ef0e2528f,Anglian Tool Agency Ltd,2023,54073
4f86eeb920e83886110b834ef0e2528f,Anglian Tool Agency Ltd,2024,60722
5a8dbd1cdb62078a2bc6092889a2cc5a,Powertech Industrial Ltd,2022,153000
5a8dbd1cdb62078a2bc6092889a2cc5a,Powertech Industrial Ltd,2023,134503
5a8dbd1cdb62078a2bc6092889a2cc5a,Powertech Industrial Ltd,2024,176200
5a35de9bfae986ef94efa405ac9e478e,Power Point (Northern) Ltd,2022,241000
5a35de9bfae986ef94efa405ac9e478e,Power Point (Northern) Ltd,2023,205282
5a35de9bfae986ef94efa405ac9e478e,Power Point (Northern) Ltd,2024,234344
5b94461cd4fc5d95670fd499b295039d,Whittaker Trading Ltd,2022,588000
5b94461cd4fc5d95670fd499b295039d,Whittaker Trading Ltd,2023,441976
5b94461cd4fc5d95670fd499b295039d,Whittaker Trading Ltd,2024,231541
5d61419c8795fbe44c17ad63ab6e139f,Allgo Engineering Supplies Ltd,2022,194000
5d61419c8795fbe44c17ad63ab6e139f,Allgo Engineering Supplies Ltd,2023,223824
5d61419c8795fbe44c17ad63ab6e139f,Allgo Engineering Supplies Ltd,2024,241547
5e2ff00a44a6541b7c98e12e37ed14a7,Total Supplies (TSL) Ltd,2022,154000
5e2ff00a44a6541b7c98e12e37ed14a7,Total Supplies (TSL) Ltd,2023,162821
5e2ff00a44a6541b7c98e12e37ed14a7,Total Supplies (TSL) Ltd,2024,244461
5e016a478a72dfeb81cb45071821ef6d,Exeter Tool Shop Ltd,2022,0
5e016a478a72dfeb81cb45071821ef6d,Exeter Tool Shop Ltd,2023,409177
5e016a478a72dfeb81cb45071821ef6d,Exeter Tool Shop Ltd,2024,312093
5ecc13aca48fc1272326a5a582fbbae2,Jays Sourcing Group Ltd,2022,308000
5ecc13aca48fc1272326a5a582fbbae2,Jays Sourcing Group Ltd,2023,342618
5ecc13aca48fc1272326a5a582fbbae2,Jays Sourcing Group Ltd,2024,346441
5f19931aa2fcd8718f56e498241705ab,Fit-Lock Systems Ltd (Stockport),2022,109000
5f19931aa2fcd8718f56e498241705ab,Fit-Lock Systems Ltd (Stockport),2023,92379
5f19931aa2fcd8718f56e498241705ab,Fit-Lock Systems Ltd (Stockport),2024,84300
6abea49e97f817bb6104c12cf7733852,Deltawaite Ltd (Head Office),2022,12000
6abea49e97f817bb6104c12cf7733852,Deltawaite Ltd (Head Office),2023,38031
6abea49e97f817bb6104c12cf7733852,Deltawaite Ltd (Head Office),2024,34383
6baf2719da9b179d4bcaaf14d9960e13,Gemini Supplies (Scotland) Ltd,2022,244000
6baf2719da9b179d4bcaaf14d9960e13,Gemini Supplies (Scotland) Ltd,2023,204486
6baf2719da9b179d4bcaaf14d9960e13,Gemini Supplies (Scotland) Ltd,2024,262156
6c82b69a1f3176f7653c9fdd747d5c9b,Mole Avon Trading Ltd (Crediton),2023,515172
6c82b69a1f3176f7653c9fdd747d5c9b,Mole Avon Trading Ltd (Crediton),2024,248781
6dac3af20e8dc40129ad091cad2a6d5c,CNS Power Tools Ltd,2022,19000
6dac3af20e8dc40129ad091cad2a6d5c,CNS Power Tools Ltd,2023,32929
6dac3af20e8dc40129ad091cad2a6d5c,CNS Power Tools Ltd,2024,1811506
6db9629c0ceca89f04836f9140c35381,EMJ Management Ltd,2022,231000
6db9629c0ceca89f04836f9140c35381,EMJ Management Ltd,2023,312559
6db9629c0ceca89f04836f9140c35381,EMJ Management Ltd,2024,175512
6dbd97061a75338945b691d387325c05,James S Pearson Ltd,2022,234000
6dbd97061a75338945b691d387325c05,James S Pearson Ltd,2023,246986
6dbd97061a75338945b691d387325c05,James S Pearson Ltd,2024,315383
6e76a2f10da6ece9a063fc6fcbc3753b,Talbot Owen Ltd,2022,314000
6e76a2f10da6ece9a063fc6fcbc3753b,Talbot Owen Ltd,2023,291107
6e76a2f10da6ece9a063fc6fcbc3753b,Talbot Owen Ltd,2024,252225
6e7363f9616562300d6061137ea00154,Thomas Graham & Sons Ltd,2022,5749000
6e7363f9616562300d6061137ea00154,Thomas Graham & Sons Ltd,2023,5396396
6e7363f9616562300d6061137ea00154,Thomas Graham & Sons Ltd,2024,5911879
6f9f5dbdd496cc1f6c1b63a1aeac46d0,Bearingtech Ltd,2022,27000
6f9f5dbdd496cc1f6c1b63a1aeac46d0,Bearingtech Ltd,2023,53003
6f9f5dbdd496cc1f6c1b63a1aeac46d0,Bearingtech Ltd,2024,101233
7a1b2c6acc2158f51ed8a9ec65037e67,IESA A&D Limited,2022,36000
7a1b2c6acc2158f51ed8a9ec65037e67,IESA A&D Limited,2023,41242
7a1b2c6acc2158f51ed8a9ec65037e67,IESA A&D Limited,2024,08875
7a18f40d9f5bfd9391adf0dbe9438fa9,FR Jones and Son Ltd (Swanley),2024,4884
7a51c5bdfb28d3a8437d48c78e924399,Orbital Fasteners Ltd,2022,2651000
7a51c5bdfb28d3a8437d48c78e924399,Orbital Fasteners Ltd,2023,2811891
7a51c5bdfb28d3a8437d48c78e924399,Orbital Fasteners Ltd,2024,2972906
7c5615c3729e337f70e6d051f1c23d6d,UK Engineering & Lubricant Supplies,2024,205055
7c8486a24b864e1afd8988f8aeeefbe5,Xamax Clothing Company Ltd,2024,8982
7d4b25cfa2055c6338615ba62e1e93bc,AIRD & Co Ltd,2022,0
7d4b25cfa2055c6338615ba62e1e93bc,AIRD & Co Ltd,2023,0
7d90e9bebe732d1286eb3478aea252ad,Lakedale Power Tools (Head Office),2022,325000
7d90e9bebe732d1286eb3478aea252ad,Lakedale Power Tools (Head Office),2023,347195
7d90e9bebe732d1286eb3478aea252ad,Lakedale Power Tools (Head Office),2024,321229
7dcaf310019a4c7695e5578d1ec2bda8,Kingtools,2022,263000
7dcaf310019a4c7695e5578d1ec2bda8,Kingtools,2023,79499
7dcaf310019a4c7695e5578d1ec2bda8,Kingtools,2024,102222
7e01f846a93108d8629a44b93229d57f,Itec Power Services Ltd,2022,44000
7e01f846a93108d8629a44b93229d57f,Itec Power Services Ltd,2023,70104
7e01f846a93108d8629a44b93229d57f,Itec Power Services Ltd,2024,32877
7e88df5b7ac9fbfaf81a6b78e6e24ecb,Garden Discount Centre Limited,2024,23563
7ec5ab4ef76c0468e41ecc23e284d80c,Midcontinent Aberdeen Ltd,2022,376000
7ec5ab4ef76c0468e41ecc23e284d80c,Midcontinent Aberdeen Ltd,2023,403373
7ec5ab4ef76c0468e41ecc23e284d80c,Midcontinent Aberdeen Ltd,2024,428587
7f8bbdedee00e48b89795cc99152d05e,All Clothing & Protection Ltd,2022,432000
7f8bbdedee00e48b89795cc99152d05e,All Clothing & Protection Ltd,2023,462446
7f8bbdedee00e48b89795cc99152d05e,All Clothing & Protection Ltd,2024,510473
8aef49a98c3328f221d1d33acd3f394e,Eurogrind Manufacturing Ltd,2022,18000
8aef49a98c3328f221d1d33acd3f394e,Eurogrind Manufacturing Ltd,2023,26740
8aef49a98c3328f221d1d33acd3f394e,Eurogrind Manufacturing Ltd,2024,12459
8be862492a10e4d1468640258d674082,Godfreys IT Ltd,2022,3918000
8be862492a10e4d1468640258d674082,Godfreys IT Ltd,2023,4558321
8be862492a10e4d1468640258d674082,Godfreys IT Ltd,2024,5088670
8bec89f60856c76c5a2af6184c136e45,Engineering Equipment Co (Northern Ireland) Ltd,2022,119000
8bec89f60856c76c5a2af6184c136e45,Engineering Equipment Co (Northern Ireland) Ltd,2023,136098
8bec89f60856c76c5a2af6184c136e45,Engineering Equipment Co (Northern Ireland) Ltd,2024,163712
8c3d2063db838e88502a501d992e9e8b,Industrial Products & Supplies Reading,2022,10000
8c3d2063db838e88502a501d992e9e8b,Industrial Products & Supplies Reading,2023,7099
8c3d2063db838e88502a501d992e9e8b,Industrial Products & Supplies Reading,2024,8460
8ca9983f6a6ccdd46d0b73724d3850ff,Eurotools Ltd ta Europol,2022,0
8ca9983f6a6ccdd46d0b73724d3850ff,Eurotools Ltd ta Europol,2023,2039
8ca9983f6a6ccdd46d0b73724d3850ff,Eurotools Ltd ta Europol,2024,1490
8cbc817f3af55b7114880740b08f9c79,JT Westhorp t/a WES Industrial & Welding Supplies (Barking),2022,353000
8cbc817f3af55b7114880740b08f9c79,JT Westhorp t/a WES Industrial & Welding Supplies (Barking),2023,428740
8cbc817f3af55b7114880740b08f9c79,JT Westhorp t/a WES Industrial & Welding Supplies (Barking),2024,527268
8cd3773c602f99559d7f813d94299653,Macs Builders Merchants Ltd (St Johns),2022,10000
8cd3773c602f99559d7f813d94299653,Macs Builders Merchants Ltd (St Johns),2023,9749
8cd3773c602f99559d7f813d94299653,Macs Builders Merchants Ltd (St Johns),2024,799
8d17dd3f7c75f8030468c422fb4bc507,AHC Tools (Alloa Hire Centre),2022,288000
8d17dd3f7c75f8030468c422fb4bc507,AHC Tools (Alloa Hire Centre),2023,10889
8d17dd3f7c75f8030468c422fb4bc507,AHC Tools (Alloa Hire Centre),2024,-522
8e6c2209e0fae14758b4ea0508b4a988,Bearing Traders Ltd,2022,152000
8e6c2209e0fae14758b4ea0508b4a988,Bearing Traders Ltd,2023,151792
8e6c2209e0fae14758b4ea0508b4a988,Bearing Traders Ltd,2024,152464
8f2be1b6cc0543564f25150488964a4e,Diamond Industrial Supply Co Ltd (Falkirk),2024,276276
8fecff984968ba97fe910e2ba6ccd058,Thanet Tool Supplies,2022,34000
8fecff984968ba97fe910e2ba6ccd058,Thanet Tool Supplies,2023,37050
8fecff984968ba97fe910e2ba6ccd058,Thanet Tool Supplies,2024,87449
9a17f169d0e175839d098e22cb362c62,Franklin Steel Stockholder PLC,2022,0
9a17f169d0e175839d098e22cb362c62,Franklin Steel Stockholder PLC,2023,0
9a17f169d0e175839d098e22cb362c62,Franklin Steel Stockholder PLC,2024,13162
9a6713c950f1e4017c91a93183bfed48,Craigmore Online Ltd,2022,216000
9a6713c950f1e4017c91a93183bfed48,Craigmore Online Ltd,2023,215177
9a6713c950f1e4017c91a93183bfed48,Craigmore Online Ltd,2024,151260
9ad88d4f96dd8f47103acac6796c105b,James Gibson (Darwen) Ltd,2022,601000
9ad88d4f96dd8f47103acac6796c105b,James Gibson (Darwen) Ltd,2023,572617
9ad88d4f96dd8f47103acac6796c105b,James Gibson (Darwen) Ltd,2024,602683
9b184a3e0fbb492033c7e3ce6fd6e437,Smart Tools UK Ltd,2022,31000
9b184a3e0fbb492033c7e3ce6fd6e437,Smart Tools UK Ltd,2023,31782
9b184a3e0fbb492033c7e3ce6fd6e437,Smart Tools UK Ltd,2024,65088
9b73847d7d8253809b88d4be3a432700,Dinstock Ltd,2022,225000
9b73847d7d8253809b88d4be3a432700,Dinstock Ltd,2023,327402
9b73847d7d8253809b88d4be3a432700,Dinstock Ltd,2024,147097
09bff507bc08bfee8d480bf6c1323195,Seddon Plant & Engineers Ltd Bolton,2022,13000
09bff507bc08bfee8d480bf6c1323195,Seddon Plant & Engineers Ltd Bolton,2023,11714
09bff507bc08bfee8d480bf6c1323195,Seddon Plant & Engineers Ltd Bolton,2024,14490
9cda9b2a7b4aefdbea4606078107b488,Frank Howard Tools & Fixings Ltd (Braintree),2022,728000
9cda9b2a7b4aefdbea4606078107b488,Frank Howard Tools & Fixings Ltd (Braintree),2023,616853
9cda9b2a7b4aefdbea4606078107b488,Frank Howard Tools & Fixings Ltd (Braintree),2024,0
9e0adf5e41297883d95378e8add1cc99,C H Fowler & Co Ltd (CLOSED),2022,0
9e0adf5e41297883d95378e8add1cc99,C H Fowler & Co Ltd (CLOSED),2023,0
9e2d2f7a989851d18588872f3e2e9481,Nuneaton Hose & Fittings Ltd,2022,77000
9e2d2f7a989851d18588872f3e2e9481,Nuneaton Hose & Fittings Ltd,2023,100102
9e2d2f7a989851d18588872f3e2e9481,Nuneaton Hose & Fittings Ltd,2024,116951
9e94879bb788768a28d38641df9ca7c5,Bryan Birchall Supplies,2022,98000
9e94879bb788768a28d38641df9ca7c5,Bryan Birchall Supplies,2023,130619
9e94879bb788768a28d38641df9ca7c5,Bryan Birchall Supplies,2024,118808
9eb229069fb6cf2f5442a10e567bc7e2,Bryson Tractors Ltd,2022,52000
9eb229069fb6cf2f5442a10e567bc7e2,Bryson Tractors Ltd,2023,122459
9eb229069fb6cf2f5442a10e567bc7e2,Bryson Tractors Ltd,2024,189587
9f4a3e7a658b2af156905bc8de47cfd0,Toucan Tool Co Ltd,2022,0
9f4a3e7a658b2af156905bc8de47cfd0,Toucan Tool Co Ltd,2023,836
9f9b51aae9991d680a0df845929919ad,Gibb & Beveridge T/A Engineering Agencies Ltd,2022,407000
9f9b51aae9991d680a0df845929919ad,Gibb & Beveridge T/A Engineering Agencies Ltd,2023,450309
9f9b51aae9991d680a0df845929919ad,Gibb & Beveridge T/A Engineering Agencies Ltd,2024,533831
12e2140c9506729663b211d56e63f331,E Mcintyre & Sons,2022,470000
12e2140c9506729663b211d56e63f331,E Mcintyre & Sons,2023,461445
12e2140c9506729663b211d56e63f331,E Mcintyre & Sons,2024,504755
22a5d2363dfc81ac165e2eba7029ff83,NBT Integrated Services Ltd,2022,308000
22a5d2363dfc81ac165e2eba7029ff83,NBT Integrated Services Ltd,2023,374102
22a5d2363dfc81ac165e2eba7029ff83,NBT Integrated Services Ltd,2024,570454
32a8f6ae38cd4d084959dc1d738fb6fc,A One Tools & Fixings (Brighouse) Ltd,2022,92000
32a8f6ae38cd4d084959dc1d738fb6fc,A One Tools & Fixings (Brighouse) Ltd,2023,100069
32a8f6ae38cd4d084959dc1d738fb6fc,A One Tools & Fixings (Brighouse) Ltd,2024,94054
34e472b2227bd05b32510a17e2e7071c,William Twigg (Matlock) Ltd,2022,998000
34e472b2227bd05b32510a17e2e7071c,William Twigg (Matlock) Ltd,2023,940965
34e472b2227bd05b32510a17e2e7071c,William Twigg (Matlock) Ltd,2024,767693
43a7de80da008832b832a8b60a0937eb,MacGregor Industrial Supplies Ltd (Inverness),2022,3338000
43a7de80da008832b832a8b60a0937eb,MacGregor Industrial Supplies Ltd (Inverness),2023,3686845
43a7de80da008832b832a8b60a0937eb,MacGregor Industrial Supplies Ltd (Inverness),2024,2804140
48eec94ec58d05bfd0ee91a661c2a649,Target Tools Ltd,2022,279000
48eec94ec58d05bfd0ee91a661c2a649,Target Tools Ltd,2023,359319
48eec94ec58d05bfd0ee91a661c2a649,Target Tools Ltd,2024,510074
51f05d9bbcecfc55c3e888d184d818c4,County Industrial Supplies Ltd,2022,205000
51f05d9bbcecfc55c3e888d184d818c4,County Industrial Supplies Ltd,2023,208652
51f05d9bbcecfc55c3e888d184d818c4,County Industrial Supplies Ltd,2024,144402
53d736d8b56f27531e76947d7a63253d,Forest Heath Fasteners Ltd,2022,354000
53d736d8b56f27531e76947d7a63253d,Forest Heath Fasteners Ltd,2023,405450
53d736d8b56f27531e76947d7a63253d,Forest Heath Fasteners Ltd,2024,363735
54ce211665ff756799e5f2714279b8e1,Hire Centre (South West) Ltd T/A Kingsbridge Hire & Garden Machinery,2024,1779
57f2c8bc6f55c03e37ee3bc8c952689c,Protool Ltd,2022,86000
57f2c8bc6f55c03e37ee3bc8c952689c,Protool Ltd,2023,123255
57f2c8bc6f55c03e37ee3bc8c952689c,Protool Ltd,2024,164235
60b1332a6869116a5fbb3c1fa2b39da4,Wolds Engineering Services Ltd (York),2022,1991000
60b1332a6869116a5fbb3c1fa2b39da4,Wolds Engineering Services Ltd (York),2023,2348133
60b1332a6869116a5fbb3c1fa2b39da4,Wolds Engineering Services Ltd (York),2024,2873370
60c4cca7f1ed644bd004731dbbd9d312,Darnall Tools & Abrasives Ltd,2022,763000
60c4cca7f1ed644bd004731dbbd9d312,Darnall Tools & Abrasives Ltd,2023,884934
60c4cca7f1ed644bd004731dbbd9d312,Darnall Tools & Abrasives Ltd,2024,856084
62ec0efc3a94fd629bb10f8ec7c93699,TCO Direct Ltd,2022,19000
62ec0efc3a94fd629bb10f8ec7c93699,TCO Direct Ltd,2023,36445
62ec0efc3a94fd629bb10f8ec7c93699,TCO Direct Ltd,2024,10376
64daf8bd3fc82e9ef7958620d388cca9,JIT Consumables Ltd,2024,47191
65aec280b19fbf87c925b16435257872,Swansea Fasteners & Engineering Supplies Ltd,2022,157000
65aec280b19fbf87c925b16435257872,Swansea Fasteners & Engineering Supplies Ltd,2023,181487
65aec280b19fbf87c925b16435257872,Swansea Fasteners & Engineering Supplies Ltd,2024,186288
65f8c3f51f2fa5055d6a81d2a67c3b5e,Lawson HIS Ltd,2022,5589000
65f8c3f51f2fa5055d6a81d2a67c3b5e,Lawson HIS Ltd,2023,4957718
65f8c3f51f2fa5055d6a81d2a67c3b5e,Lawson HIS Ltd,2024,4960140
68d60c038ceeed1efb0c2a6859f4e825,R H Gaudion & Sons Ltd,2022,-1000
68d60c038ceeed1efb0c2a6859f4e825,R H Gaudion & Sons Ltd,2023,0
68d60c038ceeed1efb0c2a6859f4e825,R H Gaudion & Sons Ltd,2024,39412
69fdd9294e1be7f7c758f931bb5104e5,Allison & Steven Ltd,2022,0
69fdd9294e1be7f7c758f931bb5104e5,Allison & Steven Ltd,2023,0
70d3e5051521897ea2248da57ba7eb7f,ABA Ltd,2022,32000
70d3e5051521897ea2248da57ba7eb7f,ABA Ltd,2023,42700
70d3e5051521897ea2248da57ba7eb7f,ABA Ltd,2024,47111
71cd915518269a194b4a342acb8fa2e4,Elmdale Welding & Engineering Supplies Ltd(Rayleigh),2024,70943
73a4b1fa7b285fd72dc13b7e73cb9157,Bearing Source Ltd,2022,0
73a4b1fa7b285fd72dc13b7e73cb9157,Bearing Source Ltd,2023,55134
73a4b1fa7b285fd72dc13b7e73cb9157,Bearing Source Ltd,2024,37252
76d05d0a8532ce958e6a3fa76761f586,Nortech Services Ltd,2022,208000
76d05d0a8532ce958e6a3fa76761f586,Nortech Services Ltd,2023,252215
76d05d0a8532ce958e6a3fa76761f586,Nortech Services Ltd,2024,199746
79f60d4dfa44bedf8f638862b5ec3c55,80:20 Procurement Services Ltd,2022,145000
79f60d4dfa44bedf8f638862b5ec3c55,80:20 Procurement Services Ltd,2023,208754
79f60d4dfa44bedf8f638862b5ec3c55,80:20 Procurement Services Ltd,2024,246584
82a941feee522644483fe0004ad1f01b,Toolshop Direct Ltd,2022,3244000
82a941feee522644483fe0004ad1f01b,Toolshop Direct Ltd,2023,2048318
82a941feee522644483fe0004ad1f01b,Toolshop Direct Ltd,2024,307049
82ec47ddfe80e55d36f437452dd41dd2,Workshop Supplies North East Ltd,2022,337000
82ec47ddfe80e55d36f437452dd41dd2,Workshop Supplies North East Ltd,2023,370760
82ec47ddfe80e55d36f437452dd41dd2,Workshop Supplies North East Ltd,2024,438466
83a169258acd84f7ae3ff2bce82d8ee6,Transpower Drives Ltd,2022,151000
83a169258acd84f7ae3ff2bce82d8ee6,Transpower Drives Ltd,2023,157331
83a169258acd84f7ae3ff2bce82d8ee6,Transpower Drives Ltd,2024,113038
83dc8d45a3d018a79307f6fbc09f3ae4,Carbide (UK) Ltd,2022,631000
83dc8d45a3d018a79307f6fbc09f3ae4,Carbide (UK) Ltd,2023,684216
83dc8d45a3d018a79307f6fbc09f3ae4,Carbide (UK) Ltd,2024,671206
84daa3638f4f1179a4d381367136d079,Guildford Tool Supplies Ltd,2022,0
84daa3638f4f1179a4d381367136d079,Guildford Tool Supplies Ltd,2023,0
84e0954007d41e984ccae861a1229493,Forward Industrial Products Group Ltd,2022,247000
84e0954007d41e984ccae861a1229493,Forward Industrial Products Group Ltd,2023,240318
84e0954007d41e984ccae861a1229493,Forward Industrial Products Group Ltd,2024,234465
85cfc4d9c233461d3cdeb4884f71ee4c,Colbrook Supplies Direct Ltd,2022,192000
85cfc4d9c233461d3cdeb4884f71ee4c,Colbrook Supplies Direct Ltd,2023,199550
85cfc4d9c233461d3cdeb4884f71ee4c,Colbrook Supplies Direct Ltd,2024,137835
86bd0d297149f3de778f76f693017965,Engineering Tool Sup Ltd,2022,0
86bd0d297149f3de778f76f693017965,Engineering Tool Sup Ltd,2023,0
87cfee379480908f0b90a4b3b01ed878,LSK Supplies Ltd,2022,0
87cfee379480908f0b90a4b3b01ed878,LSK Supplies Ltd,2023,170105
87cfee379480908f0b90a4b3b01ed878,LSK Supplies Ltd,2024,366491
89a4c606190e2870452756a0e1b0484e,Truflame (Welding Equipment) Ltd,2023,251714
89a4c606190e2870452756a0e1b0484e,Truflame (Welding Equipment) Ltd,2024,321579
89c5c0204ca455d2b4430f3f0a464bce,ABT Machine Tools & Tooling,2022,0
89c5c0204ca455d2b4430f3f0a464bce,ABT Machine Tools & Tooling,2023,0
89f16e237210f5c5291f8ddafee1e149,Toolrunner Ltd,2022,78000
89f16e237210f5c5291f8ddafee1e149,Toolrunner Ltd,2023,105828
89f16e237210f5c5291f8ddafee1e149,Toolrunner Ltd,2024,53232
89f2632ccf5caf1aef68ea2e5e552d8e,Jennings Engineering Supplies Ltd,2022,623000
89f2632ccf5caf1aef68ea2e5e552d8e,Jennings Engineering Supplies Ltd,2023,676431
89f2632ccf5caf1aef68ea2e5e552d8e,Jennings Engineering Supplies Ltd,2024,607545
92a2783773aa1e60db6cdd21fea4045e,Unifleet Ltd,2022,129000
92a2783773aa1e60db6cdd21fea4045e,Unifleet Ltd,2023,141771
92a2783773aa1e60db6cdd21fea4045e,Unifleet Ltd,2024,106491
92d8234d810daa0a8165a2f04baa932f,Howard Lee - Dudley,2022,1609000
92d8234d810daa0a8165a2f04baa932f,Howard Lee - Dudley,2023,1598601
92d8234d810daa0a8165a2f04baa932f,Howard Lee - Dudley,2024,1569226
92f22ba50a1753843ebed85977da889b,Engineers Mate Ltd (Dudley),2022,605000
92f22ba50a1753843ebed85977da889b,Engineers Mate Ltd (Dudley),2023,751602
92f22ba50a1753843ebed85977da889b,Engineers Mate Ltd (Dudley),2024,953574
96ce8f4ac5c9d37d8a3d215cac1e1d40,Local Tools Ltd t/a On Site Tools (Stanford-Le-Hope),2022,297000
96ce8f4ac5c9d37d8a3d215cac1e1d40,Local Tools Ltd t/a On Site Tools (Stanford-Le-Hope),2023,242194
96ce8f4ac5c9d37d8a3d215cac1e1d40,Local Tools Ltd t/a On Site Tools (Stanford-Le-Hope),2024,290951
96d49fdf5d3b958c16a9e4188ffd0f7e,Fast Tools Ltd,2022,323000
96d49fdf5d3b958c16a9e4188ffd0f7e,Fast Tools Ltd,2023,358422
96d49fdf5d3b958c16a9e4188ffd0f7e,Fast Tools Ltd,2024,359236
98b39fdd08a768ce97393d707b12082a,IADA Limited,2022,1000
98b39fdd08a768ce97393d707b12082a,IADA Limited,2023,5202
98b39fdd08a768ce97393d707b12082a,IADA Limited,2024,6693
99c7fa3c0c59c255a228bc9d6f03cf71,Butterfield Timber & Safety Supplies,2022,1000
99c7fa3c0c59c255a228bc9d6f03cf71,Butterfield Timber & Safety Supplies,2023,1265
99c9bc5382f99c41dcfdfb4c8f844dcc,NEP Midlands Ltd,2022,354000
99c9bc5382f99c41dcfdfb4c8f844dcc,NEP Midlands Ltd,2023,366886
99c9bc5382f99c41dcfdfb4c8f844dcc,NEP Midlands Ltd,2024,360947
246d80272562030ee7b7d3192d06d4ec,Alan Dick Communications Ltd,2022,25000
246d80272562030ee7b7d3192d06d4ec,Alan Dick Communications Ltd,2023,13965
246d80272562030ee7b7d3192d06d4ec,Alan Dick Communications Ltd,2024,12139
289af488fafda3ebdcdfddf8997d32a5,BLC Construction Supplies,2022,118000
289af488fafda3ebdcdfddf8997d32a5,BLC Construction Supplies,2023,135410
289af488fafda3ebdcdfddf8997d32a5,BLC Construction Supplies,2024,147258
314f05503b8ec4fba0b576104a447a38,AG&R Equipment Ltd,2022,433000
314f05503b8ec4fba0b576104a447a38,AG&R Equipment Ltd,2023,446741
314f05503b8ec4fba0b576104a447a38,AG&R Equipment Ltd,2024,459135
351d405561c76d6323e84626053aecef,Car Paint Warehouse Ltd Bristol,2022,0
351d405561c76d6323e84626053aecef,Car Paint Warehouse Ltd Bristol,2023,0
351d405561c76d6323e84626053aecef,Car Paint Warehouse Ltd Bristol,2024,-439
362db23993024097de8c248b578bf7e0,Engineering Supplies Ltd,2022,257000
362db23993024097de8c248b578bf7e0,Engineering Supplies Ltd,2023,255232
362db23993024097de8c248b578bf7e0,Engineering Supplies Ltd,2024,245981
380ecd89b910a6effab16e211b3e437c,Folkestone Fixings Ltd (FFX Head Office),2022,11917000
380ecd89b910a6effab16e211b3e437c,Folkestone Fixings Ltd (FFX Head Office),2023,11805528
380ecd89b910a6effab16e211b3e437c,Folkestone Fixings Ltd (FFX Head Office),2024,7336255
404c463810f729919e4d1c7997e1ac1f,Westcountry Woodworking Machinery Ltd,2022,0
404c463810f729919e4d1c7997e1ac1f,Westcountry Woodworking Machinery Ltd,2023,0
530bd5da6a7813d90aed6146aab5c8a6,EZ-Base (UK) Ltd,2024,-73
543ab345d9ca78e224bdd6dcb5e072e9,M F Hire Limited(Sheffield),2024,188381
637b9912c17dc766ecfb6c91fd746210,Sense Group Limited,2024,5668
660b65d7c6fd770a584d1250e1032376,Lee Industrial Ltd,2022,2113000
660b65d7c6fd770a584d1250e1032376,Lee Industrial Ltd,2023,2266801
660b65d7c6fd770a584d1250e1032376,Lee Industrial Ltd,2024,2912777
720a23fbaaa50f1c68d85dc9d12ed3b2,Express Weldcare Services Ltd,2022,159000
720a23fbaaa50f1c68d85dc9d12ed3b2,Express Weldcare Services Ltd,2023,139822
720a23fbaaa50f1c68d85dc9d12ed3b2,Express Weldcare Services Ltd,2024,77709
729cfbe467538c3455fde55b0ccbd11b,Prodhks LTD,2023,90000
729cfbe467538c3455fde55b0ccbd11b,Prodhks LTD,2024,177251
749e2de7a9a4a6801dc1fcf3873e2529,Woodford Tools Ltd (Woking),2022,482000
749e2de7a9a4a6801dc1fcf3873e2529,Woodford Tools Ltd (Woking),2023,532775
749e2de7a9a4a6801dc1fcf3873e2529,Woodford Tools Ltd (Woking),2024,635943
779ea989602693f544398fcc85238399,Key Engineering & Hygiene Supplies Ltd,2022,379000
779ea989602693f544398fcc85238399,Key Engineering & Hygiene Supplies Ltd,2023,434569
779ea989602693f544398fcc85238399,Key Engineering & Hygiene Supplies Ltd,2024,451028
814c5d08cf75af2d3f8250cba8adbc62,Drake Tooling & Abrasives - Newton Abbot,2022,408000
814c5d08cf75af2d3f8250cba8adbc62,Drake Tooling & Abrasives - Newton Abbot,2023,390769
814c5d08cf75af2d3f8250cba8adbc62,Drake Tooling & Abrasives - Newton Abbot,2024,1205024
877b291b76802f3d3eb838a2ac939720,S J Andrew & Sons Ltd,2022,556000
877b291b76802f3d3eb838a2ac939720,S J Andrew & Sons Ltd,2023,585838
877b291b76802f3d3eb838a2ac939720,S J Andrew & Sons Ltd,2024,588114
928a6cc610c6a4f63fe2a167da8c34e7,Cummins & Jennings Ltd,2022,454000
928a6cc610c6a4f63fe2a167da8c34e7,Cummins & Jennings Ltd,2023,413118
928a6cc610c6a4f63fe2a167da8c34e7,Cummins & Jennings Ltd,2024,239404
976b0938b2fb8bc7cead472cb1d444d2,Cyclomarket Ltd t/a RB Tools&Fixings,2022,1125000
976b0938b2fb8bc7cead472cb1d444d2,Cyclomarket Ltd t/a RB Tools&Fixings,2023,1294079
976b0938b2fb8bc7cead472cb1d444d2,Cyclomarket Ltd t/a RB Tools&Fixings,2024,1680224
3171f3c09920a4bae37eee8f9486c125,Fairfax Hire Centres Ltd,2022,447000
3171f3c09920a4bae37eee8f9486c125,Fairfax Hire Centres Ltd,2023,421909
3171f3c09920a4bae37eee8f9486c125,Fairfax Hire Centres Ltd,2024,348506
3963ae24741b154fc877fe12047367fa,F G Lang (Grays) Ltd,2022,311000
3963ae24741b154fc877fe12047367fa,F G Lang (Grays) Ltd,2023,364496
3963ae24741b154fc877fe12047367fa,F G Lang (Grays) Ltd,2024,349784
4196f2057031f681f3857dd0b2c83bd0,Tri-Fix Industrial Fasteners Ltd,2024,80433
4505dcf6fbc7b050462c4c39702216a0,Global Services (Europe) Ltd,2022,66000
4505dcf6fbc7b050462c4c39702216a0,Global Services (Europe) Ltd,2023,82928
4505dcf6fbc7b050462c4c39702216a0,Global Services (Europe) Ltd,2024,80503
4559d28d5403e48538141c92f5c82e75,James Lister & Sons Ltd,2022,356000
4559d28d5403e48538141c92f5c82e75,James Lister & Sons Ltd,2023,387033
4559d28d5403e48538141c92f5c82e75,James Lister & Sons Ltd,2024,373335
4725ad37791628b0f19bb1122664e79e,Dilworth & Morris Engineers Merchants Ltd,2022,326000
4725ad37791628b0f19bb1122664e79e,Dilworth & Morris Engineers Merchants Ltd,2023,337441
4725ad37791628b0f19bb1122664e79e,Dilworth & Morris Engineers Merchants Ltd,2024,356025
5332a4a0ff9a1ec6997f56132fa72d49,Axminster Tool Centre LTR,2024,1402
5555e1925c010bbb9aef07ed24f758e5,Franklin Steel Stockholders Plc Dumfries,2022,44000
5555e1925c010bbb9aef07ed24f758e5,Franklin Steel Stockholders Plc Dumfries,2023,48174
5555e1925c010bbb9aef07ed24f758e5,Franklin Steel Stockholders Plc Dumfries,2024,41626
6078a05785eb220a8848dfad1992e467,Brighton Tools & Fixings Ltd,2022,87000
6078a05785eb220a8848dfad1992e467,Brighton Tools & Fixings Ltd,2023,81886
6078a05785eb220a8848dfad1992e467,Brighton Tools & Fixings Ltd,2024,106371
6429deb1e2dfe9206b50ba5068e0be4f,Albion Transmission Ltd,2022,35000
6429deb1e2dfe9206b50ba5068e0be4f,Albion Transmission Ltd,2023,43854
6429deb1e2dfe9206b50ba5068e0be4f,Albion Transmission Ltd,2024,47027
6514bb2bdbee910ec421b14973e407b5,Anderco (Cork) (sterling),2022,158000
6514bb2bdbee910ec421b14973e407b5,Anderco (Cork) (sterling),2023,121089
6514bb2bdbee910ec421b14973e407b5,Anderco (Cork) (sterling),2024,471478
6542dbc55714b68dea31c746da9478f7,Baudains Trade Supplies,2022,164000
6542dbc55714b68dea31c746da9478f7,Baudains Trade Supplies,2023,187332
6542dbc55714b68dea31c746da9478f7,Baudains Trade Supplies,2024,129907
7147c69d780b3c2686c35a8d6a1032d3,Terratruck Limited,2023,612226
7147c69d780b3c2686c35a8d6a1032d3,Terratruck Limited,2024,211842
7151db8afe7534ac7ef6ad9ca39583a6,SIIS Ltd Kirkcaldy,2023,9764
7151db8afe7534ac7ef6ad9ca39583a6,SIIS Ltd Kirkcaldy,2024,97233
7352afed7d396cfb138e308333df2319,Dunham Tools (Cheshire) Limited,2022,121000
7352afed7d396cfb138e308333df2319,Dunham Tools (Cheshire) Limited,2023,119848
7352afed7d396cfb138e308333df2319,Dunham Tools (Cheshire) Limited,2024,114786
7536e9a1d57bbd6d056192af0a039c04,Global Single Source Ltd,2022,386000
7536e9a1d57bbd6d056192af0a039c04,Global Single Source Ltd,2023,388473
7536e9a1d57bbd6d056192af0a039c04,Global Single Source Ltd,2024,402510
7652f33d44bbd9a569ecddc2f6a61ff7,UK Tools Ltd,2022,44000
7652f33d44bbd9a569ecddc2f6a61ff7,UK Tools Ltd,2023,990
7652f33d44bbd9a569ecddc2f6a61ff7,UK Tools Ltd,2024,52234
7714f507771066cf24549635498661b4,Essex Industrial Supplies Ltd,2022,478000
7714f507771066cf24549635498661b4,Essex Industrial Supplies Ltd,2023,622113
7714f507771066cf24549635498661b4,Essex Industrial Supplies Ltd,2024,755404
7818a655e726bb0390d0cb72525a8e9d,Absolute Power Tools Ltd,2022,319000
7818a655e726bb0390d0cb72525a8e9d,Absolute Power Tools Ltd,2023,344700
7818a655e726bb0390d0cb72525a8e9d,Absolute Power Tools Ltd,2024,327221
8379e2f7e20fec25e5d55eb8c0b0fbf5,Caswells Group,2022,354000
8379e2f7e20fec25e5d55eb8c0b0fbf5,Caswells Group,2023,382353
8379e2f7e20fec25e5d55eb8c0b0fbf5,Caswells Group,2024,590791
9777ad635c143b55c442607aeb6e5a18,Tools4trade (Milton Keynes),2022,2994000
9777ad635c143b55c442607aeb6e5a18,Tools4trade (Milton Keynes),2023,2825223
9777ad635c143b55c442607aeb6e5a18,Tools4trade (Milton Keynes),2024,2373824
16445b935d6b70896aeb131709043dea,Anglia Bearing Company Ltd,2022,30000
16445b935d6b70896aeb131709043dea,Anglia Bearing Company Ltd,2023,46597
16445b935d6b70896aeb131709043dea,Anglia Bearing Company Ltd,2024,56692
35930dd7d2de203509a45d18a1d40049,Miles Tool & Machinery Centre Ltd,2022,799000
35930dd7d2de203509a45d18a1d40049,Miles Tool & Machinery Centre Ltd,2023,864976
35930dd7d2de203509a45d18a1d40049,Miles Tool & Machinery Centre Ltd,2024,832723
54733aa4b7e6e6945374ac68365a2fe8,Teknofix,2022,171000
54733aa4b7e6e6945374ac68365a2fe8,Teknofix,2023,76955
54733aa4b7e6e6945374ac68365a2fe8,Teknofix,2024,502
63129d32c64c22ccbce239604e41294f,CTS (Grangemouth) Ltd,2022,404000
63129d32c64c22ccbce239604e41294f,CTS (Grangemouth) Ltd,2023,447913
63129d32c64c22ccbce239604e41294f,CTS (Grangemouth) Ltd,2024,498553
83639f2e0925e71574da3e20403fdb23,BAM Site Solutions Limited,2022,209000
83639f2e0925e71574da3e20403fdb23,BAM Site Solutions Limited,2023,286287
83639f2e0925e71574da3e20403fdb23,BAM Site Solutions Limited,2024,547043
95095fb01e719fa7aa8b2571d80772ef,LoveDIY Ltd,2022,0
95095fb01e719fa7aa8b2571d80772ef,LoveDIY Ltd,2023,0
96884c05e9510aa423b01201ddf49c32,SKS Tool Supplies Ltd,2022,281000
96884c05e9510aa423b01201ddf49c32,SKS Tool Supplies Ltd,2023,274985
96884c05e9510aa423b01201ddf49c32,SKS Tool Supplies Ltd,2024,217983
97049e56f5a6dedd14984fc07e6e0dad,R M Williams (Accrington) Ltd,2022,109000
97049e56f5a6dedd14984fc07e6e0dad,R M Williams (Accrington) Ltd,2023,114242
97049e56f5a6dedd14984fc07e6e0dad,R M Williams (Accrington) Ltd,2024,115008
102943da5fe785f35c51e5deec30c09a,RSS Commercial,2024,2436
361044f0b54aa723407a1c8e84ea44b5,"Garden Machines (N'Pton) Ltd",2022,87000
361044f0b54aa723407a1c8e84ea44b5,"Garden Machines (N'Pton) Ltd",2023,64550
361044f0b54aa723407a1c8e84ea44b5,"Garden Machines (N'Pton) Ltd",2024,85740
363357a5c3abc0e8f86bac09f53d0aa8,Premier Fixing Solutions & Construction Products,2022,262000
363357a5c3abc0e8f86bac09f53d0aa8,Premier Fixing Solutions & Construction Products,2023,276664
363357a5c3abc0e8f86bac09f53d0aa8,Premier Fixing Solutions & Construction Products,2024,205697
372985a8238f9049bce229a8cf02db59,Grahams Machinery Sales Ltd - Chester,2022,1533000
372985a8238f9049bce229a8cf02db59,Grahams Machinery Sales Ltd - Chester,2023,1791750
372985a8238f9049bce229a8cf02db59,Grahams Machinery Sales Ltd - Chester,2024,2727126
417575c956b7f73aacbf4b0799800c50,Centris Limited,2022,125000
417575c956b7f73aacbf4b0799800c50,Centris Limited,2023,133228
417575c956b7f73aacbf4b0799800c50,Centris Limited,2024,183897
442846e4b433abc8d65ef2a2b133289b,Elmec International Sales Ltd,2022,11000
442846e4b433abc8d65ef2a2b133289b,Elmec International Sales Ltd,2023,12566
442846e4b433abc8d65ef2a2b133289b,Elmec International Sales Ltd,2024,10511
470396e500983b169b360d4859239470,Mills Ltd,2022,646000
470396e500983b169b360d4859239470,Mills Ltd,2023,750408
470396e500983b169b360d4859239470,Mills Ltd,2024,1044216
586075a10c7115fb47680ffdb25c9812,C H Power Tools Ltd,2022,67000
586075a10c7115fb47680ffdb25c9812,C H Power Tools Ltd,2023,121721
586075a10c7115fb47680ffdb25c9812,C H Power Tools Ltd,2024,188041
847867ecb5a09748e3876a22f137734f,Toolden Limited,2022,13920000
847867ecb5a09748e3876a22f137734f,Toolden Limited,2023,15159336
847867ecb5a09748e3876a22f137734f,Toolden Limited,2024,16706712
858611dc39597c6b0d3fed24caacebaf,KSP Tooling Ltd,2022,515000
858611dc39597c6b0d3fed24caacebaf,KSP Tooling Ltd,2023,570637
858611dc39597c6b0d3fed24caacebaf,KSP Tooling Ltd,2024,710446
912789e4eb72253206c3cb2115b0d132,M S Holdings (IOW) Ltd,2022,168000
912789e4eb72253206c3cb2115b0d132,M S Holdings (IOW) Ltd,2023,195579
912789e4eb72253206c3cb2115b0d132,M S Holdings (IOW) Ltd,2024,243692
944064d71e3da02fc7af6ccfb63a3211,Main Road Tools,2022,165000
944064d71e3da02fc7af6ccfb63a3211,Main Road Tools,2023,189240
944064d71e3da02fc7af6ccfb63a3211,Main Road Tools,2024,155718
1816849ae0192ab952549755ffce8e80,Frank Blakeley & Son Ltd,2022,1192000
1816849ae0192ab952549755ffce8e80,Frank Blakeley & Son Ltd,2023,1171182
1816849ae0192ab952549755ffce8e80,Frank Blakeley & Son Ltd,2024,1317799
5361574cb7d1113363aedf217e853aca,Agriparts Borders Ltd,2023,175492
5361574cb7d1113363aedf217e853aca,Agriparts Borders Ltd,2024,203040
6321749a4d9d65a7a7ed26a053794b7b,Thorcraft Ltd,2022,57000
6321749a4d9d65a7a7ed26a053794b7b,Thorcraft Ltd,2023,54910
6321749a4d9d65a7a7ed26a053794b7b,Thorcraft Ltd,2024,75559
6647532fa307982373b04eb3246abdf1,Illingworth Supplies Ltd,2022,181000
6647532fa307982373b04eb3246abdf1,Illingworth Supplies Ltd,2023,199917
6647532fa307982373b04eb3246abdf1,Illingworth Supplies Ltd,2024,175870
7621207dbaef45da93d564e668c7848c,Southern Plant & Tool Hire Ltd (Henley-on-Thames),2022,103000
7621207dbaef45da93d564e668c7848c,Southern Plant & Tool Hire Ltd (Henley-on-Thames),2023,95839
7621207dbaef45da93d564e668c7848c,Southern Plant & Tool Hire Ltd (Henley-on-Thames),2024,112756
8117598e2dcbe2c6d8615c192a35d561,Spen Bearings (Head Office),2022,68000
8117598e2dcbe2c6d8615c192a35d561,Spen Bearings (Head Office),2023,85692
8117598e2dcbe2c6d8615c192a35d561,Spen Bearings (Head Office),2024,91258
8976391da7bdce41b7ee519118b8e11f,MST Ltd (Tiverton),2022,9000
8976391da7bdce41b7ee519118b8e11f,MST Ltd (Tiverton),2023,3030
218864845e7c4dd4636e125c935a00cb,Miter Industrial Supplies Ltd,2022,141000
218864845e7c4dd4636e125c935a00cb,Miter Industrial Supplies Ltd,2023,137680
218864845e7c4dd4636e125c935a00cb,Miter Industrial Supplies Ltd,2024,163779
734211096b6a1bea3b01470ce84533ed,DVS Power Tools Ltd,2022,4782000
734211096b6a1bea3b01470ce84533ed,DVS Power Tools Ltd,2023,4127709
734211096b6a1bea3b01470ce84533ed,DVS Power Tools Ltd,2024,2403115
3701191995e9ae9f003d9c32b7ed1d31,First Response Site Services Ltd,2022,213000
3701191995e9ae9f003d9c32b7ed1d31,First Response Site Services Ltd,2023,276842
3701191995e9ae9f003d9c32b7ed1d31,First Response Site Services Ltd,2024,362922
a0cb7fadc5df851493fc1cac6551239f,Scott Direct Ltd,2022,1297000
a0cb7fadc5df851493fc1cac6551239f,Scott Direct Ltd,2023,1206802
a0cb7fadc5df851493fc1cac6551239f,Scott Direct Ltd,2024,1556695
a1c5b94ef15466326ffc3c25b24b5191,Bradford Bolt & Nut Co Ltd (BBN Fastnet),2022,846000
a1c5b94ef15466326ffc3c25b24b5191,Bradford Bolt & Nut Co Ltd (BBN Fastnet),2023,863235
a1c5b94ef15466326ffc3c25b24b5191,Bradford Bolt & Nut Co Ltd (BBN Fastnet),2024,776700
a4dda9d58f727a009f582a3cd63b5209,Highland Fasteners Ltd,2022,518000
a4dda9d58f727a009f582a3cd63b5209,Highland Fasteners Ltd,2023,570122
a4dda9d58f727a009f582a3cd63b5209,Highland Fasteners Ltd,2024,551777
a04ef6ba4245d6fad7c6819aa9e29a57,J & M Belts Ltd,2022,83000
a04ef6ba4245d6fad7c6819aa9e29a57,J & M Belts Ltd,2023,83848
a04ef6ba4245d6fad7c6819aa9e29a57,J & M Belts Ltd,2024,68351
a5a25c8257fd820efc7b2ec95f2eb695,Harrison Hire & Sales(Head Office),2024,17757
a6adfb149d57af4d7d01d1334e69ba0f,Acle Garden Machinery,2024,164818
a6b0338b4c41164b718f65d908f983a5,Fixings & Powertool Center Limited,2022,193000
a6b0338b4c41164b718f65d908f983a5,Fixings & Powertool Center Limited,2023,186158
a6b0338b4c41164b718f65d908f983a5,Fixings & Powertool Center Limited,2024,138495
a06bb4cc93f03970f602eac44ff38909,Unit Export Ltd,2022,0
a06bb4cc93f03970f602eac44ff38909,Unit Export Ltd,2023,0
a6c62a6d4c059ebbe00862f795f9bb55,C G Fixings Ltd,2022,28073000
a6c62a6d4c059ebbe00862f795f9bb55,C G Fixings Ltd,2023,29220391
a6c62a6d4c059ebbe00862f795f9bb55,C G Fixings Ltd,2024,14727353
a8c3f8ab2db24c132fd04b3a36951c17,Barnes JB - Nelson,2022,1265000
a8c3f8ab2db24c132fd04b3a36951c17,Barnes JB - Nelson,2023,1194060
a8c3f8ab2db24c132fd04b3a36951c17,Barnes JB - Nelson,2024,1252347
a9b9c0d7a74b58c61f3c55556c4f9162,JBS Group SI (Monaghan) Milltown,2022,596000
a9b9c0d7a74b58c61f3c55556c4f9162,JBS Group SI (Monaghan) Milltown,2023,376444
a9b9c0d7a74b58c61f3c55556c4f9162,JBS SI Monaghan (Euro A/C),2024,354868
a46bb7724d951f62241b4fd8d359636f,Wack Wholesale (Building Supplies) Ltd,2022,109000
a46bb7724d951f62241b4fd8d359636f,Wack Wholesale (Building Supplies) Ltd,2023,91001
a55db09e3fbdf3e2ee97243a9141152d,Elcocks Ltd,2022,587000
a55db09e3fbdf3e2ee97243a9141152d,Elcocks Ltd,2023,744540
a55db09e3fbdf3e2ee97243a9141152d,Elcocks Ltd,2024,644076
a809e1d92600456139fb9f18db52b386,Till & Whitehead Ltd,2022,193000
a809e1d92600456139fb9f18db52b386,Till & Whitehead Ltd,2023,180552
a809e1d92600456139fb9f18db52b386,Till & Whitehead Ltd,2024,176821
a5144b1b2e93949a438caf021c7bb488,Allcap Ltd,2022,601000
a5144b1b2e93949a438caf021c7bb488,Allcap Ltd,2023,607213
a5144b1b2e93949a438caf021c7bb488,Allcap Ltd,2024,585974
a54593cf8f23be0022c8308584538f41,Craig International Ltd,2022,548000
a54593cf8f23be0022c8308584538f41,Craig International Ltd,2023,612952
a54593cf8f23be0022c8308584538f41,Craig International Ltd,2024,623035
a299574a9fa56eb545a32e71de080f2a,Marine Industrial LLP,2022,12000
a299574a9fa56eb545a32e71de080f2a,Marine Industrial LLP,2023,8525
a299574a9fa56eb545a32e71de080f2a,Marine Industrial LLP,2024,20224
a16235400e05c64b14dbf6f005ea0e8c,TBF Industrial Ltd,2022,502000
a16235400e05c64b14dbf6f005ea0e8c,TBF Industrial Ltd,2023,512354
a16235400e05c64b14dbf6f005ea0e8c,TBF Industrial Ltd,2024,485454
ab14c69926e4cd5a86505df7182a0c5d,Miller Tools Ltd,2024,168
aba8d827d6219a3565bb54c97b4d2813,RS Industrial Services (Tyne & Wear) Ltd,2022,2342000
aba8d827d6219a3565bb54c97b4d2813,RS Industrial Services (Tyne & Wear) Ltd,2023,2139108
aba8d827d6219a3565bb54c97b4d2813,RS Industrial Services (Tyne & Wear) Ltd,2024,2619372
abb24f907d86ad74c0f06a46e7254017,Yarmouth Stores Ltd Norfolk,2022,79000
abb24f907d86ad74c0f06a46e7254017,Yarmouth Stores Ltd Norfolk,2023,63386
abb24f907d86ad74c0f06a46e7254017,Yarmouth Stores Ltd Norfolk,2024,72493
accf19dfc842b41d04453c832b7ff76e,T C Fixings Ltd,2022,40000
accf19dfc842b41d04453c832b7ff76e,T C Fixings Ltd,2023,160579
accf19dfc842b41d04453c832b7ff76e,T C Fixings Ltd,2024,396805
ad73560c0c512ebbcd19b93862438f79,City Bearings & Transmission Ltd,2022,192000
ad73560c0c512ebbcd19b93862438f79,City Bearings & Transmission Ltd,2023,266815
ad73560c0c512ebbcd19b93862438f79,City Bearings & Transmission Ltd,2024,358136
adb3067eaeded5af00aaedb287f62fd9,Bell Tools (Eastern Avenue),2022,894000
adb3067eaeded5af00aaedb287f62fd9,Bell Tools (Eastern Avenue),2023,657866
adb3067eaeded5af00aaedb287f62fd9,Bell Tools (Eastern Avenue),2024,0
add36b5cfdfdd329428cbad0b3ad31f9,Alca Tools Ltd,2022,379000
add36b5cfdfdd329428cbad0b3ad31f9,Alca Tools Ltd,2023,373272
add36b5cfdfdd329428cbad0b3ad31f9,Alca Tools Ltd,2024,361947
adfa3a121b5646e08c4845a42bf82ffc,Cascadic Limited,2022,173000
adfa3a121b5646e08c4845a42bf82ffc,Cascadic Limited,2023,323000
adfa3a121b5646e08c4845a42bf82ffc,Cascadic Limited,2024,616511
aec1a9f7de94057c6a622106719b4438,Fengate Fasteners Ltd,2022,161000
aec1a9f7de94057c6a622106719b4438,Fengate Fasteners Ltd,2023,232602
aec1a9f7de94057c6a622106719b4438,Fengate Fasteners Ltd,2024,218688
aeed1345457b8b865f89c35e3af1b048,Hereford Ind Supply Co Ltd,2022,1044000
aeed1345457b8b865f89c35e3af1b048,Hereford Ind Supply Co Ltd,2023,1309346
aeed1345457b8b865f89c35e3af1b048,Hereford Ind Supply Co Ltd,2024,1157415
af942a27b8ce44579b17fbbf409a7b12,Trecarn Engineering Ltd,2022,1000
af942a27b8ce44579b17fbbf409a7b12,Trecarn Engineering Ltd,2023,1144
af84408080952b17881e2428d9a831d6,Tool & Fastener Solutions Ltd,2022,232000
af84408080952b17881e2428d9a831d6,Tool & Fastener Solutions Ltd,2023,266850
af84408080952b17881e2428d9a831d6,Tool & Fastener Solutions Ltd,2024,248586
b1be075d70ed729e23a9d4e66f78ea9b,Pablon Tools Ltd (Harlow),2022,40000
b1be075d70ed729e23a9d4e66f78ea9b,Pablon Tools Ltd (Harlow),2023,32540
b1be075d70ed729e23a9d4e66f78ea9b,Pablon Tools Ltd (Harlow),2024,34257
b4cb2bf6b57e346a6369c2f0c7a10dd6,All Car Parts Ltd,2024,23268
b5c7e4b7b03df530f45252f35460bc3f,Still Tools Ltd,2022,192000
b5c7e4b7b03df530f45252f35460bc3f,Still Tools Ltd,2023,199688
b5c7e4b7b03df530f45252f35460bc3f,Still Tools Ltd,2024,224362
b5d41577b12b560df26cb7efa4cd2946,Carillon Ind Services Ltd,2022,667000
b5d41577b12b560df26cb7efa4cd2946,Carillon Ind Services Ltd,2023,777161
b5d41577b12b560df26cb7efa4cd2946,Carillon Ind Services Ltd,2024,994445
b6cb863b0d48e16e6f303df2f0af0075,Haigh Trading (UK) Ltd T/A White Rose Tools,2024,317447
b6d0e936702b300f1ddb0b4feab469dc,Clarik Limited,2024,111894
b7a05b9a67e43a8c8573ff0ad24260e1,Wessex Eagle Ltd T/A Eagle Plant (Hurn),2022,730000
b7a05b9a67e43a8c8573ff0ad24260e1,Wessex Eagle Ltd T/A Eagle Plant (Hurn),2023,722432
b7a05b9a67e43a8c8573ff0ad24260e1,Wessex Eagle Ltd T/A Eagle Plant (Hurn),2024,694332
b7cf7e1ba70d78128a6296ff0563862f,Rotary Bearings Ind Ltd,2022,46000
b7cf7e1ba70d78128a6296ff0563862f,Rotary Bearings Ind Ltd,2023,63452
b7cf7e1ba70d78128a6296ff0563862f,Rotary Bearings Ind Ltd,2024,80050
b8b66623dbe4cf17520078e97d5fe6fa,Rivtex Limited,2022,491000
b8b66623dbe4cf17520078e97d5fe6fa,Rivtex Limited,2023,513172
b8b66623dbe4cf17520078e97d5fe6fa,Rivtex Limited,2024,513555
b8eb16a88504914f893f0e150dd58826,Rapid Engineering NE Ltd,2022,645000
b8eb16a88504914f893f0e150dd58826,Rapid Engineering NE Ltd,2023,661547
b8eb16a88504914f893f0e150dd58826,Rapid Engineering NE Ltd,2024,206587
b8fb9f361585427b6942f6a5086a896b,John Astley & Sons Ltd,2022,146000
b8fb9f361585427b6942f6a5086a896b,John Astley & Sons Ltd,2023,152949
b8fb9f361585427b6942f6a5086a896b,John Astley & Sons Ltd,2024,238385
b9ceed0ac32a2fbbe9fe9af027aff46b,Metalwork Supplies Ltd,2022,192000
b9ceed0ac32a2fbbe9fe9af027aff46b,Metalwork Supplies Ltd,2023,204026
b9ceed0ac32a2fbbe9fe9af027aff46b,Metalwork Supplies Ltd,2024,200000
b15a0809ff1427b9953b324faf15c87c,Elsons LTD,2022,0
b15a0809ff1427b9953b324faf15c87c,Elsons LTD,2023,579644
b15a0809ff1427b9953b324faf15c87c,Elsons LTD,2024,429701
b83a7dfd9d7eab191e2805d9dad773dc,Spaldings Limited,2023,99999
b83a7dfd9d7eab191e2805d9dad773dc,Spaldings Limited,2024,124015
b258db4c41e5dc183e1d80a24872ea1f,Flint Hire & Supply Ltd,2022,49000
b258db4c41e5dc183e1d80a24872ea1f,Flint Hire & Supply Ltd,2023,57386
b258db4c41e5dc183e1d80a24872ea1f,Flint Hire & Supply Ltd,2024,85245
b588bd6b0d950738935a05b9117edbb6,Bearing Sales and Purchase Ltd,2024,531535
b682e4229a36a0236efd865b76f0bc30,Terrier Tools Limited,2023,149999
b682e4229a36a0236efd865b76f0bc30,Terrier Tools Limited,2024,82750
b859f8bb07eaaf7c5ad7f993e82d8e1b,ITS Tools IOW Limited,2022,49000
b859f8bb07eaaf7c5ad7f993e82d8e1b,ITS Tools IOW Limited,2023,52951
b859f8bb07eaaf7c5ad7f993e82d8e1b,ITS Tools IOW Limited,2024,61448
b8697d5e1d45cc2fef1d5f135d734127,Technicut Ltd,2022,114000
b8697d5e1d45cc2fef1d5f135d734127,Technicut Ltd,2023,133282
b8697d5e1d45cc2fef1d5f135d734127,Technicut Ltd,2024,105945
b11134eab5e5135fc4310cc8250832de,Resource Engineering Supplies Ltd,2022,877000
b11134eab5e5135fc4310cc8250832de,Resource Engineering Supplies Ltd,2023,886154
b11134eab5e5135fc4310cc8250832de,Resource Engineering Supplies Ltd,2024,710637
b285508d6d298de065bb3b838e522811,ECA Supplies Ltd (Coventry),2022,388000
b285508d6d298de065bb3b838e522811,ECA Supplies Ltd (Coventry),2023,720043
b285508d6d298de065bb3b838e522811,ECA Supplies Ltd (Coventry),2024,538752
b960882435a9e6b616df46d7afe8bb4d,The Leicester Bearing Co Ltd,2022,417000
b960882435a9e6b616df46d7afe8bb4d,The Leicester Bearing Co Ltd,2023,430356
b960882435a9e6b616df46d7afe8bb4d,The Leicester Bearing Co Ltd,2024,428459
ba3e1e1d6b98e70b91f2fdc0d3eb6a46,Pitreavie Packaging Ltd (Glasgow),2022,31000
ba3e1e1d6b98e70b91f2fdc0d3eb6a46,Pitreavie Packaging Ltd (Glasgow),2023,34555
ba3e1e1d6b98e70b91f2fdc0d3eb6a46,Pitreavie Packaging Ltd (Glasgow),2024,42749
ba32e24b9a2a10d9651894a1f577eaa5,Dagar Tools Ltd (Lye),2022,294000
ba32e24b9a2a10d9651894a1f577eaa5,Dagar Tools Ltd (Lye),2023,332804
ba32e24b9a2a10d9651894a1f577eaa5,Dagar Tools Ltd (Lye),2024,350791
ba5029e3390cfccad1f4bb1b7feb2715,Welland Supplies Ltd,2022,515000
ba5029e3390cfccad1f4bb1b7feb2715,Welland Supplies Ltd,2023,560740
ba5029e3390cfccad1f4bb1b7feb2715,Welland Supplies Ltd,2024,474773
ba5544ac1e48a31dd7866ecd46c0b160,MOL Tools & Abrasives Ltd,2022,1373000
ba5544ac1e48a31dd7866ecd46c0b160,MOL Tools & Abrasives Ltd,2023,1438760
ba5544ac1e48a31dd7866ecd46c0b160,MOL Tools & Abrasives Ltd,2024,2254900
bd404ec33b1f3fc34c4400d2c74e8ee5,Burrows Tool Factors,2022,0
bd404ec33b1f3fc34c4400d2c74e8ee5,Burrows Tool Factors,2023,1169
bd404ec33b1f3fc34c4400d2c74e8ee5,Burrows Tool Factors,2024,1036
be9ae44c260952a4d70d7878bc173051,Kirby & Wells Ltd,2022,79000
be9ae44c260952a4d70d7878bc173051,Kirby & Wells Ltd,2023,102758
be9ae44c260952a4d70d7878bc173051,Kirby & Wells Ltd,2024,78887
bf564e3d051cb25ccfae95f3b9836ca0,R Sleep Ltd,2022,152000
bf564e3d051cb25ccfae95f3b9836ca0,R Sleep Ltd,2023,161787
bf564e3d051cb25ccfae95f3b9836ca0,R Sleep Ltd,2024,163386
bf1412051f5dbae5ae291f73917ccb84,T O Y Trading Tool Factor Ltd,2022,192000
bf1412051f5dbae5ae291f73917ccb84,T O Y Trading Tool Factor Ltd,2023,219456
bf1412051f5dbae5ae291f73917ccb84,T O Y Trading Tool Factor Ltd,2024,211588
bfdae779ec311ee270155deb655f0fe6,Helix Tool Co Ltd (Leeds),2022,248000
bfdae779ec311ee270155deb655f0fe6,Helix Tool Co Ltd (Leeds),2023,223734
bfdae779ec311ee270155deb655f0fe6,Helix Tool Co Ltd (Leeds),2024,246845
bfff6604e8c06387c81a5f558944da6f,RS Integrated Supply UK Ltd,2022,768000
bfff6604e8c06387c81a5f558944da6f,RS Integrated Supply UK Ltd,2023,1041713
c0a12589251bf29b113886e401f1f13e,R D Barrett Small Tools Ltd,2022,518000
c0a12589251bf29b113886e401f1f13e,R D Barrett Small Tools Ltd,2023,613984
c0a12589251bf29b113886e401f1f13e,R D Barrett Small Tools Ltd,2024,669352
c0c3d1d3a9e86370299a4b99931d2989,TBS Tools & Abrasives Ltd,2022,145000
c0c3d1d3a9e86370299a4b99931d2989,TBS Tools & Abrasives Ltd,2023,172945
c0c3d1d3a9e86370299a4b99931d2989,TBS Tools & Abrasives Ltd,2024,185269
c0e27a8b820a5e860f0c41b07b37e153,Polar Bearings Ltd (Colchester),2022,89000
c0e27a8b820a5e860f0c41b07b37e153,Polar Bearings Ltd (Colchester),2023,88230
c0e27a8b820a5e860f0c41b07b37e153,Polar Bearings Ltd (Colchester),2024,103677
c1a26d9c2804c22bfd7b2fa7f3d8adc2,UK Parts Direct Ltd,2022,55000
c1a26d9c2804c22bfd7b2fa7f3d8adc2,UK Parts Direct Ltd,2023,56580
c1a26d9c2804c22bfd7b2fa7f3d8adc2,UK Parts Direct Ltd,2024,48468
c1ee3d7172145fc8149c57e5d177a371,R Jackson Eng Distributors,2022,87000
c1ee3d7172145fc8149c57e5d177a371,R Jackson Eng Distributors,2023,114034
c1ee3d7172145fc8149c57e5d177a371,R Jackson Eng Distributors,2024,210099
c2dbc60596f12c7a9dd1ac6aab09eceb,Swindon Bearings Ltd,2022,330000
c2dbc60596f12c7a9dd1ac6aab09eceb,Swindon Bearings Ltd,2023,303361
c2dbc60596f12c7a9dd1ac6aab09eceb,Swindon Bearings Ltd,2024,384685
c3d1a4ba8589d4c6031aafbc68c3c616,Mosswood Industrial Supplies Ltd,2022,428000
c3d1a4ba8589d4c6031aafbc68c3c616,Mosswood Industrial Supplies Ltd,2023,425939
c3d1a4ba8589d4c6031aafbc68c3c616,Mosswood Industrial Supplies Ltd,2024,454309
c4a230ca5101b9215d52eedb8e90aeed,Gem Tool Hire & Sales Ltd,2022,0
c4a230ca5101b9215d52eedb8e90aeed,Gem Tool Hire & Sales Ltd,2023,0
c4b78d7678a51189ca3f08fabb737f4b,LED Scotland Ltd,2022,1000
c4b78d7678a51189ca3f08fabb737f4b,LED Scotland Ltd,2023,2218
c4b78d7678a51189ca3f08fabb737f4b,LED Scotland Ltd,2024,339
c04b40433830a27de0ed41a9e64f05b8,Engineering Tools & Consumables Ltd,2022,103000
c04b40433830a27de0ed41a9e64f05b8,Engineering Tools & Consumables Ltd,2023,96005
c04b40433830a27de0ed41a9e64f05b8,Engineering Tools & Consumables Ltd,2024,96659
c4c96ce9ac2fcc2fb90f422911c6029c,Herts Tool Co T/A HTC Fastenings Limited,2022,99000
c4c96ce9ac2fcc2fb90f422911c6029c,Herts Tool Co T/A HTC Fastenings Limited,2023,117329
c4c96ce9ac2fcc2fb90f422911c6029c,Herts Tool Co T/A HTC Fastenings Limited,2024,113863
c4ede5015514d95c35598250be0a8658,M & S Distributors Ltd,2022,751000
c4ede5015514d95c35598250be0a8658,M & S Distributors Ltd,2023,798414
c4ede5015514d95c35598250be0a8658,M & S Distributors Ltd,2024,840618
c5a900e9d4db7b1c7f0a885040ae0613,Caulfield Industrial,2022,2615000
c5a900e9d4db7b1c7f0a885040ae0613,Caulfield Industrial,2023,2406628
c5a900e9d4db7b1c7f0a885040ae0613,Caulfield Industrial,2024,1983452
c7a86fa914540075ecf8e5a16e0a0878,United Fixings Ltd,2022,386000
c7a86fa914540075ecf8e5a16e0a0878,United Fixings Ltd,2023,294973
c7a86fa914540075ecf8e5a16e0a0878,United Fixings Ltd,2024,83829
c7b8325dd915bf2253995ce8a60abdc2,Timothy Wood Ltd,2022,8000
c7b8325dd915bf2253995ce8a60abdc2,Timothy Wood Ltd,2023,6506
c7b8325dd915bf2253995ce8a60abdc2,Timothy Wood Ltd,2024,2888
c08bd5c231222ee3a1d4c494ca4b471f,The Brian Smyth Company Ltd,2022,0
c08bd5c231222ee3a1d4c494ca4b471f,The Brian Smyth Company Ltd,2023,0
c8bdedae36c62e8f44605d9335f38138,Easter Farms T/A Griffin Machinery Solutions,2024,04525
c08df933fcaeec0f92c23833b6848f2d,SGS Engineering (UK) Ltd,2022,0
c08df933fcaeec0f92c23833b6848f2d,SGS Engineering (UK) Ltd,2023,66
c9bab5b6f55e11a3fc25acb0a549fdb6,Robert Pringle Engineers (UK) Ltd,2022,7000
c9bab5b6f55e11a3fc25acb0a549fdb6,Robert Pringle Engineers (UK) Ltd,2023,6249
c9bab5b6f55e11a3fc25acb0a549fdb6,Robert Pringle Engineers (UK) Ltd,2024,5753
c9dba805adcf286dbaeb20bcf2f39441,Motion Industries (UK) Ltd,2022,54000
c9dba805adcf286dbaeb20bcf2f39441,Motion Industries (UK) Ltd,2023,64634
c9dba805adcf286dbaeb20bcf2f39441,Motion Industries (UK) Ltd,2024,77482
c27b9d285c9d673d36a9a13d9dac6a62,Car Audio & Security Ltd,2022,143000
c27b9d285c9d673d36a9a13d9dac6a62,Car Audio & Security Ltd,2023,266611
c27b9d285c9d673d36a9a13d9dac6a62,Car Audio & Security Ltd,2024,1155652
c62aecbd4da9935a9216b81fc0217e0c,Alan Wadkins Ltd,2022,364000
c62aecbd4da9935a9216b81fc0217e0c,Alan Wadkins Ltd,2023,260601
c62aecbd4da9935a9216b81fc0217e0c,Alan Wadkins Ltd,2024,31731
c631d30b85fefa5be9ab86a932d87f01,Nuffield Engineering Supplies Ltd,2022,564000
c631d30b85fefa5be9ab86a932d87f01,Nuffield Engineering Supplies Ltd,2023,589843
c631d30b85fefa5be9ab86a932d87f01,Nuffield Engineering Supplies Ltd,2024,768941
c687cc1b642092a79bd4d291af357514,More Than Safety Ltd,2022,180000
c687cc1b642092a79bd4d291af357514,More Than Safety Ltd,2023,223543
c687cc1b642092a79bd4d291af357514,More Than Safety Ltd,2024,440603
c749af42a3e5471323933039841865a6,Oasis Distribution UK Ltd,2023,406870
c749af42a3e5471323933039841865a6,Oasis Distribution UK Ltd,2024,481869
c892ce7df7dad7b2d23989724bf0792b,Rapid Welding & Industrial Supplies Ltd,2022,297000
c892ce7df7dad7b2d23989724bf0792b,Rapid Welding & Industrial Supplies Ltd,2023,365431
c892ce7df7dad7b2d23989724bf0792b,Rapid Welding & Industrial Supplies Ltd,2024,453081
c9054b1e00b45d1fee2a899ffda327ca,Norsemen Safety & Industrial Supplies Ltd,2022,308000
c9054b1e00b45d1fee2a899ffda327ca,Norsemen Safety & Industrial Supplies Ltd,2023,330455
c9054b1e00b45d1fee2a899ffda327ca,Norsemen Safety & Industrial Supplies Ltd,2024,507274
c39418f1f769f02b4e46d96f62ab29d7,Orbic Bearings Ltd,2022,162000
c39418f1f769f02b4e46d96f62ab29d7,Orbic Bearings Ltd,2023,200512
c39418f1f769f02b4e46d96f62ab29d7,Orbic Bearings Ltd,2024,171176
c291664dbe02e7d9a27665ce48bb7af3,Johnston & Bulman Ltd,2022,610000
c291664dbe02e7d9a27665ce48bb7af3,Johnston & Bulman Ltd,2023,692119
c291664dbe02e7d9a27665ce48bb7af3,Johnston & Bulman Ltd,2024,625354
c737419b74343cd9df49b847fa0ac078,Warnhill Tool & Fasteners Ltd,2022,840000
c737419b74343cd9df49b847fa0ac078,Warnhill Tool & Fasteners Ltd,2023,891747
c737419b74343cd9df49b847fa0ac078,Warnhill Tool & Fasteners Ltd,2024,966916
c42302891ebd831acec0458bb6534907,Universal Engineering Tools,2022,159000
c42302891ebd831acec0458bb6534907,Universal Engineering Tools,2023,184564
c42302891ebd831acec0458bb6534907,Universal Engineering Tools,2024,184545
c834377717c54a7b66b2be2e75a7c3bd,Lamont Industrial Ltd,2022,52000
c834377717c54a7b66b2be2e75a7c3bd,Lamont Industrial Ltd,2023,61283
c834377717c54a7b66b2be2e75a7c3bd,Lamont Industrial Ltd,2024,36571
c509107871725e8b082e9eac0d30d007,DSD Trade Ltd (Gravesend),2023,766392
c509107871725e8b082e9eac0d30d007,DSD Trade Ltd (Gravesend),2024,16581
ca1dc2f7a60a350cde5fdb696a3f5edc,D J Evans (Bury) Ltd,2022,661000
ca1dc2f7a60a350cde5fdb696a3f5edc,D J Evans (Bury) Ltd,2023,705265
ca1dc2f7a60a350cde5fdb696a3f5edc,D J Evans (Bury) Ltd,2024,552774
caa9d3abe58eac2a8a5808502b9f3fe5,Blackhurst Wade Limited,2024,66956
caec43dac70cff38677657ce0dc535f4,City Seals & Bearings Ltd Sheffield,2022,66000
caec43dac70cff38677657ce0dc535f4,City Seals & Bearings Ltd Sheffield,2023,65084
caec43dac70cff38677657ce0dc535f4,City Seals & Bearings Ltd Sheffield,2024,75882
cbde1d8ac9e5543bb3beaabbafd40f15,Danetre Workshop Supplies Ltd,2022,403000
cbde1d8ac9e5543bb3beaabbafd40f15,Danetre Workshop Supplies Ltd,2023,458958
cbde1d8ac9e5543bb3beaabbafd40f15,Danetre Workshop Supplies Ltd,2024,455304
cc5d75a7f5be878c21b924ff63697138,BS&P Ltd,2022,445000
cc5d75a7f5be878c21b924ff63697138,BS&P Ltd,2023,527295
cc5d75a7f5be878c21b924ff63697138,BS&P Ltd,2024,62252
ccabddce2e2cefb4a63f4c9ad5be4923,Zenith Industrial Products Ltd,2022,210000
ccabddce2e2cefb4a63f4c9ad5be4923,Zenith Industrial Products Ltd,2023,240787
ccabddce2e2cefb4a63f4c9ad5be4923,Zenith Industrial Products Ltd,2024,236596
cd3d8b2286a50d3f35c985a00c4a9071,Trade Fast Dist (Midlands) Ltd,2022,614000
cd3d8b2286a50d3f35c985a00c4a9071,Trade Fast Dist (Midlands) Ltd,2023,550089
cd3d8b2286a50d3f35c985a00c4a9071,Trade Fast Dist (Midlands) Ltd,2024,629582
cd6e73767dccea15e518a3b17c895062,Rapid Tooling Solutions,2022,645000
cd6e73767dccea15e518a3b17c895062,Rapid Tooling Solutions,2023,735338
cd6e73767dccea15e518a3b17c895062,Rapid Tooling Solutions,2024,950874
cd594c7bfe7548a72d46b506c7605394,B D Tools Ltd,2022,118000
cd594c7bfe7548a72d46b506c7605394,B D Tools Ltd,2023,181728
cd594c7bfe7548a72d46b506c7605394,B D Tools Ltd,2024,172473
cdb445ca136e29cab7de44e932c8b051,Beckett Abrasives Ltd,2022,0
cdb445ca136e29cab7de44e932c8b051,Beckett Abrasives Ltd,2023,420197
cdb445ca136e29cab7de44e932c8b051,Beckett Abrasives Ltd,2024,442066
ce1b168db214e108e1fd2779fce5d4eb,Island Hire Centre Ltd,2022,-1000
ce1b168db214e108e1fd2779fce5d4eb,Island Hire Centre Ltd,2023,0
ce41bbcce16597571a810bc74c2b5099,Highland Industrial Supplies Ltd,2022,7736000
ce41bbcce16597571a810bc74c2b5099,Highland Industrial Supplies Ltd,2023,7809956
ce41bbcce16597571a810bc74c2b5099,Highland Industrial Supplies Ltd,2024,9173028
ce770f47bd8d12985e57d45102281c68,RTC Groundcare Ltd,2024,25206
cf69ea7d5afbcf1ee710df60c2f57acd,QTS Industrial Supplies Ltd,2022,68000
cf69ea7d5afbcf1ee710df60c2f57acd,QTS Industrial Supplies Ltd,2023,116292
cf69ea7d5afbcf1ee710df60c2f57acd,QTS Industrial Supplies Ltd,2024,343285
d0dc5e8725684b4f0cbc5e7d8dde6a9e,PJS Industrial Supplies Ltd,2022,476000
d0dc5e8725684b4f0cbc5e7d8dde6a9e,PJS Industrial Supplies Ltd,2023,500905
d0dc5e8725684b4f0cbc5e7d8dde6a9e,PJS Industrial Supplies Ltd,2024,540316
d0f9a9e3e44d035f626d47d0c3f6fd8b,CBL Supplies Ltd,2022,314000
d0f9a9e3e44d035f626d47d0c3f6fd8b,CBL Supplies Ltd,2023,322201
d0f9a9e3e44d035f626d47d0c3f6fd8b,CBL Supplies Ltd,2024,297141
d0f9b68baefad9c660cb47c4205637ed,Mitchell Fox & Co Ltd,2022,375000
d0f9b68baefad9c660cb47c4205637ed,Mitchell Fox & Co Ltd,2023,391491
d0f9b68baefad9c660cb47c4205637ed,Mitchell Fox & Co Ltd,2024,341931
d2d1e5c1f42f0ee3971bcec203ce1975,Garden Tools & Engineering,2024,0957
d3bdd2a5a7ffca43ad5305bee34293c8,Joss (Engineering) Ltd,2022,0
d3bdd2a5a7ffca43ad5305bee34293c8,Joss (Engineering) Ltd,2023,0
d3db00d5cdbe6c17f4ae95d342c87168,Quinn Tools & Fasteners Ltd,2022,176000
d3db00d5cdbe6c17f4ae95d342c87168,Quinn Tools & Fasteners Ltd,2023,170757
d3db00d5cdbe6c17f4ae95d342c87168,Quinn Tools & Fasteners Ltd,2024,160829
d3fa6504436e44ab6b6aa566275ff29a,South West Steel Supplies Ltd,2022,48000
d3fa6504436e44ab6b6aa566275ff29a,South West Steel Supplies Ltd,2023,59517
d3fa6504436e44ab6b6aa566275ff29a,South West Steel Supplies Ltd,2024,50920
d5b5034592f250ea74bb990b8cb7eee8,Future Tooling Ltd,2022,36000
d5b5034592f250ea74bb990b8cb7eee8,Future Tooling Ltd,2023,40428
d5b5034592f250ea74bb990b8cb7eee8,Future Tooling Ltd,2024,37169
d5d95bfb4f35e08091919f94c87354db,CW Fasteners Limited,2022,86000
d5d95bfb4f35e08091919f94c87354db,CW Fasteners Limited,2023,104679
d5d95bfb4f35e08091919f94c87354db,CW Fasteners Limited,2024,121290
d6e3d7c2b0f86b5027b19bf876fb2e3d,Oxford Bearings Ltd Bicester,2022,835000
d6e3d7c2b0f86b5027b19bf876fb2e3d,Oxford Bearings Ltd Bicester,2023,865652
d6e3d7c2b0f86b5027b19bf876fb2e3d,Oxford Bearings Ltd Bicester,2024,735775
d9eac24e8e3c534eb4dd30feee8eed05,Electro-Cal Ltd,2022,0
d9eac24e8e3c534eb4dd30feee8eed05,Electro-Cal Ltd,2023,0
d27a49c230b61d03c7b4621fb42fa6ba,Essential Industrial Services Ltd,2022,418000
d27a49c230b61d03c7b4621fb42fa6ba,Essential Industrial Services Ltd,2023,458605
d27a49c230b61d03c7b4621fb42fa6ba,Essential Industrial Services Ltd,2024,573440
d28d2eb309e5b4ddd5a5f81897cffcaa,Amchem Ltd T/A Amp Supplies,2022,0
d28d2eb309e5b4ddd5a5f81897cffcaa,Amchem Ltd T/A Amp Supplies,2023,0
d039fadfd1e01ac07557dbecb54662e0,Carters Tools Ltd,2022,9000
d039fadfd1e01ac07557dbecb54662e0,Carters Tools Ltd,2023,899
d47c515f6b8e28aed4c62aae0cd11cc4,Industrial Component Supplies Ltd,2022,78000
d47c515f6b8e28aed4c62aae0cd11cc4,Industrial Component Supplies Ltd,2023,118213
d47c515f6b8e28aed4c62aae0cd11cc4,Industrial Component Supplies Ltd,2024,137945
d54e6527cb0b241efb439599daf6a77d,Bills Tool Store Ltd,2022,143000
d54e6527cb0b241efb439599daf6a77d,Bills Tool Store Ltd,2023,150252
d54e6527cb0b241efb439599daf6a77d,Bills Tool Store Ltd,2024,210876
d67a58359ed3c842b0144936069e928c,Waverley Cutting Tools Ltd,2022,592000
d67a58359ed3c842b0144936069e928c,Waverley Cutting Tools Ltd,2023,706544
d67a58359ed3c842b0144936069e928c,Waverley Cutting Tools Ltd,2024,1065627
d71ce760e4e3049170b71e967c88b53e,ADP Diamond Cutting Solutions Ltd,2022,142000
d71ce760e4e3049170b71e967c88b53e,ADP Diamond Cutting Solutions Ltd,2023,214373
d71ce760e4e3049170b71e967c88b53e,ADP Diamond Cutting Solutions Ltd,2024,132799
d72d23ea56de6b8b31dce71c99dd67d1,BAW Precision Engineering Ltd,2023,0
d89fd9efea2227976262fde84193855d,Sussex Tools Ltd,2022,204000
d89fd9efea2227976262fde84193855d,Sussex Tools Ltd,2023,209197
d89fd9efea2227976262fde84193855d,Sussex Tools Ltd,2024,210151
d753caf0e60db54d26d082a857729c1f,Trojan Tools,2022,1632000
d753caf0e60db54d26d082a857729c1f,Trojan Tools,2023,52770
d753caf0e60db54d26d082a857729c1f,Trojan Tools,2024,84601
d837a07c1c5dc15b234e8029277048e5,Lamberts (Norwich) Ltd,2022,164000
d837a07c1c5dc15b234e8029277048e5,Lamberts (Norwich) Ltd,2023,182704
d837a07c1c5dc15b234e8029277048e5,Lamberts (Norwich) Ltd,2024,183600
d882f1c549f70e357d9157dc2c7281e4,RSK Fastenings Ltd,2022,389000
d882f1c549f70e357d9157dc2c7281e4,RSK Fastenings Ltd,2023,382531
d882f1c549f70e357d9157dc2c7281e4,RSK Fastenings Ltd,2024,410961
d1780b67f53c3524145d0fb8183ffdd2,Lloyd & Jones Engineers Ltd,2022,4380000
d1780b67f53c3524145d0fb8183ffdd2,Lloyd & Jones Engineers Ltd,2023,4783204
d1780b67f53c3524145d0fb8183ffdd2,Lloyd & Jones Engineers Ltd,2024,5057406
d140893bb659b3350168b476f784cb98,GJM Trading Ltd T/A RC Fasteners,2022,172000
d140893bb659b3350168b476f784cb98,GJM Trading Ltd T/A RC Fasteners,2023,198496
d140893bb659b3350168b476f784cb98,GJM Trading Ltd T/A RC Fasteners,2024,146047
d290381e75e9473f73dda16ecf06e1e1,PASS (Portable Appliance Safety Services),2024,133023
d52348945d4147887581cc899e49f042,Goldstar Leisure Ltd,2022,779000
d52348945d4147887581cc899e49f042,Goldstar Leisure Ltd,2023,1245101
d52348945d4147887581cc899e49f042,Goldstar Leisure Ltd,2024,1481981
da1566383f4bbb115e5ecac4140724cb,Standard & Specialised Fasteners Ltd,2022,367000
da1566383f4bbb115e5ecac4140724cb,Standard & Specialised Fasteners Ltd,2023,455764
da1566383f4bbb115e5ecac4140724cb,Standard & Specialised Fasteners Ltd,2024,580354
da80016987b64dceeda6c78bfb073800,Tool Options Ltd,2022,0
da80016987b64dceeda6c78bfb073800,Tool Options Ltd,2023,0
dab2242ee2cdfc9d7cce66f9e3380098,Fastfix Bristol Limited,2022,2002000
dab2242ee2cdfc9d7cce66f9e3380098,Fastfix Bristol Limited,2023,3105337
dab2242ee2cdfc9d7cce66f9e3380098,Fastfix Bristol Limited,2024,3617286
db28aac9a4e8076ef9f2f4d973fda23c,OCL Kingswingford Ltd,2022,815000
db28aac9a4e8076ef9f2f4d973fda23c,OCL Kingswingford Ltd,2023,792861
db28aac9a4e8076ef9f2f4d973fda23c,OCL Kingswingford Ltd,2024,706694
dbd39bfb6de18b865b87631806fde976,UK Planet Tools Ltd,2022,8439000
dbd39bfb6de18b865b87631806fde976,UK Planet Tools Ltd,2023,3100000
dbd39bfb6de18b865b87631806fde976,UK Planet Tools Ltd,2024,1188777
dc65260d06bdfa78524f3da26fae2a0e,Anderco (Glasgow),2022,35000
dc65260d06bdfa78524f3da26fae2a0e,Anderco (Glasgow),2023,62713
dcc576626638a64982b67d9331d7a585,Dunn & Co ES Ltd,2022,0
dcc576626638a64982b67d9331d7a585,Dunn & Co ES Ltd,2023,0
dcd9116c90df0d310f04e5688a7796ed,React Ind Solutions Ltd H/O,2024,485397
dd379cc937f2e9cd04349400ec58a5ce,Romford Tools Ltd,2022,178000
dd379cc937f2e9cd04349400ec58a5ce,Romford Tools Ltd,2023,169305
dd379cc937f2e9cd04349400ec58a5ce,Romford Tools Ltd,2024,142328
ddbfa3504414bde0f126740a91a24eb2,MacLean International Group Ltd (Aberdeen),2022,594000
ddbfa3504414bde0f126740a91a24eb2,MacLean International Group Ltd (Aberdeen),2023,772466
ddbfa3504414bde0f126740a91a24eb2,MacLean International Group Ltd (Aberdeen),2024,797787
de2f63e23f9bebeb65fc64ad32ee2253,Red Box Manufacturing Ltd,2024,117918
de77db816ed71b9eee928c7fbcde08ef,ACT UK Group Ltd,2022,503000
de77db816ed71b9eee928c7fbcde08ef,ACT UK Group Ltd,2023,493178
de77db816ed71b9eee928c7fbcde08ef,ACT UK Group (Fife) Ltd,2024,716760
de241d447fa252bee2bd33322ed6fc35,Templeton Tools & Machinery Ltd,2022,98000
de241d447fa252bee2bd33322ed6fc35,Templeton Tools & Machinery Ltd,2023,137578
de241d447fa252bee2bd33322ed6fc35,Templeton Tools & Machinery Ltd,2024,153711
de724a5c0fcbefb5127d619f541a84d4,Kennedy & Morrison Ltd,2022,358000
de724a5c0fcbefb5127d619f541a84d4,Kennedy & Morrison Ltd,2023,357966
de724a5c0fcbefb5127d619f541a84d4,Kennedy & Morrison Ltd,2024,498802
de223881b6dde89cac300a072c9a920b,Greenwood Tools Ltd,2022,0
de223881b6dde89cac300a072c9a920b,Greenwood Tools Ltd,2023,0
deb4fce6f1efb05f62d39ca54901d4c4,Simon Safety & Lifting Centre Ltd,2022,23000
deb4fce6f1efb05f62d39ca54901d4c4,Simon Safety & Lifting Centre Ltd,2023,24100
deb4fce6f1efb05f62d39ca54901d4c4,Simon Safety & Lifting Centre Ltd,2024,17212
debf33786f7e9f1763209303fe274bff,P M B Tools,2022,2000
debf33786f7e9f1763209303fe274bff,P M B Tools,2023,7400
debf33786f7e9f1763209303fe274bff,P M B Tools,2024,3738
dedaf6d159fba0a34a24ade904a32400,Heward & Dean (BD) Ltd,2022,412000
dedaf6d159fba0a34a24ade904a32400,Heward & Dean (BD) Ltd,2023,436527
dedaf6d159fba0a34a24ade904a32400,Heward & Dean (BD) Ltd,2024,464760
df4f30d532c830ebd1b0421165154d7a,Rotamec Limited,2022,9000
df4f30d532c830ebd1b0421165154d7a,Rotamec Limited,2023,9042
df4f30d532c830ebd1b0421165154d7a,Rotamec Limited,2024,11991
df8003ffb8dd683820c1d3e944690abb,C R Hollands Industrial Supplies Ltd,2022,1242000
df8003ffb8dd683820c1d3e944690abb,C R Hollands Industrial Supplies South Wales Ltd,2023,682789
df8003ffb8dd683820c1d3e944690abb,C R Hollands Industrial Supplies Ltd,2024,913188
e2d8085048d12db3dc0e791791af1883,Francis Kirk & Son Ltd (DO NOT USE) - USE TM0461,2022,10000
e2d8085048d12db3dc0e791791af1883,Francis Kirk & Son Ltd (DO NOT USE) - USE TM0461,2023,157244
e2d8085048d12db3dc0e791791af1883,Francis Kirk (Socket Screws) Ltd,2024,138813
e3a4a395335dba10a391b1d2bd51bb1d,Staytite Ltd,2022,60000
e3a4a395335dba10a391b1d2bd51bb1d,Staytite Ltd,2023,73848
e3a4a395335dba10a391b1d2bd51bb1d,Staytite Ltd,2024,53676
e3a4e3182f906c2093054efa62674f20,Mech Metrology & Power Tools Ltd,2022,132000
e3a4e3182f906c2093054efa62674f20,Mech Metrology & Power Tools Ltd,2023,120081
e3a4e3182f906c2093054efa62674f20,Mech Metrology & Power Tools Ltd,2024,91396
e4f20ede24b69f9139e62802f831ac05,DFS Fixings Ltd,2022,71000
e4f20ede24b69f9139e62802f831ac05,DFS Fixings Ltd,2023,102370
e4f20ede24b69f9139e62802f831ac05,DFS Fixings Ltd,2024,169183
e06cdd9dfc6077e6bb9996722cf98bab,Glamair Supplies Ltd,2022,58000
e06cdd9dfc6077e6bb9996722cf98bab,Glamair Supplies Ltd,2023,73206
e06cdd9dfc6077e6bb9996722cf98bab,Glamair Supplies Ltd,2024,88743
e7e4cc0325d647af208609fc93bcb545,Advantiv Ltd,2022,322000
e7e4cc0325d647af208609fc93bcb545,Advantiv Ltd,2023,272281
e7e4cc0325d647af208609fc93bcb545,Advantiv Ltd,2024,322810
e08d5d45dcb165d784ad833e2c5d7a62,Gibb Group Ltd (Aberdeen),2022,1430000
e08d5d45dcb165d784ad833e2c5d7a62,Gibb Group Ltd (Aberdeen),2023,1716019
e08d5d45dcb165d784ad833e2c5d7a62,Gibb Group Ltd (Aberdeen),2024,2178465
e9c90229266fe7c7bebc322d2f0de56b,Powertool Solutions Ltd (Lincoln),2022,289000
e9c90229266fe7c7bebc322d2f0de56b,Powertool Solutions Ltd (Lincoln),2023,323150
e9c90229266fe7c7bebc322d2f0de56b,Powertool Solutions Ltd (Lincoln),2024,347475
e47cb34cf52a26dbb5bd466b38d52875,Premier Power Products Ltd (Yeovil),2022,93000
e47cb34cf52a26dbb5bd466b38d52875,Premier Power Products Ltd (Yeovil),2023,119478
e47cb34cf52a26dbb5bd466b38d52875,Premier Power Products Ltd (Yeovil),2024,127784
e53f1edf6ca38d542b8497bbdf1713ba,Kelvin Power Tools,2022,1972000
e53f1edf6ca38d542b8497bbdf1713ba,Kelvin Power Tools,2023,1970623
e53f1edf6ca38d542b8497bbdf1713ba,Kelvin Power Tools,2024,1921556
e64a33287d75ec33ec95387bb51cbe15,Ethernet Puddle (BTS),2022,0
e64a33287d75ec33ec95387bb51cbe15,Ethernet Puddle (BTS),2023,143
e64a33287d75ec33ec95387bb51cbe15,Ethernet Puddle (BTS),2024,2784
e64b407ff0a75925efac7ef5f5034cd4,Cash Account,2022,0
e64b407ff0a75925efac7ef5f5034cd4,Cash Account,2023,0
e64b407ff0a75925efac7ef5f5034cd4,Cash Account,2024,-174
e98fe94df649647e2c94f665be80855d,The Hand & Power Tool Centre Ltd,2022,359000
e98fe94df649647e2c94f665be80855d,The Hand & Power Tool Centre Ltd,2023,387269
e98fe94df649647e2c94f665be80855d,The Hand & Power Tool Centre Ltd,2024,332894
e462ca3bf09bad24de3fcbb8f5f0657e,Planet Welding Supplies Ltd,2022,231000
e462ca3bf09bad24de3fcbb8f5f0657e,Planet Welding Supplies Ltd,2023,226394
e462ca3bf09bad24de3fcbb8f5f0657e,Planet Welding Supplies Ltd,2024,190495
e520d2a2a009ccb79137051af7f24f08,PVR Direct,2022,364000
e520d2a2a009ccb79137051af7f24f08,PVR Direct,2023,390705
e520d2a2a009ccb79137051af7f24f08,PVR Direct,2024,363044
e909a3a9a4eb834f1cc2cec6e2c59d89,Lee Garth Tools Ltd,2022,413000
e909a3a9a4eb834f1cc2cec6e2c59d89,Lee Garth Tools Ltd,2023,444004
e1442dae3b2ff12ba24b48061ef6fc16,Airport Bearing Co Ltd,2022,279000
e1442dae3b2ff12ba24b48061ef6fc16,Airport Bearing Co Ltd,2023,457551
e1442dae3b2ff12ba24b48061ef6fc16,Airport Bearing Co Ltd,2024,341242
e6375b51a0f24f08cde3a803bfcd90b8,Febrock Ltd T/A Tedbar Tinker Hire,2022,175000
e6375b51a0f24f08cde3a803bfcd90b8,Febrock Ltd T/A Tedbar Tinker Hire,2023,166275
e6375b51a0f24f08cde3a803bfcd90b8,Febrock Ltd T/A Tedbar Tinker Hire,2024,211996
e6880db8bf8479e17202b9807ca50487,Consumables Solutions Ltd,2022,54000
e6880db8bf8479e17202b9807ca50487,Consumables Solutions Ltd,2023,69585
e6880db8bf8479e17202b9807ca50487,Consumables Solutions Ltd,2024,79161
e7814f1f8fd7cfe5abc71ed6d791f10b,Mettex Fasteners Ltd,2022,634000
e7814f1f8fd7cfe5abc71ed6d791f10b,Mettex Fasteners Ltd,2023,753060
e7814f1f8fd7cfe5abc71ed6d791f10b,Mettex Fasteners Ltd,2024,956302
e7818b0f94a741ea10ae655393444721,Jaybee Tools & Fasteners Ltd,2022,0
e7818b0f94a741ea10ae655393444721,Jaybee Tools & Fasteners Ltd,2023,0
e26525a1cf6d7dd7258bdb4eeb6e9004,Campbell Miller Tools Limited,2022,208000
e26525a1cf6d7dd7258bdb4eeb6e9004,Campbell Miller Tools Limited,2023,155603
e26525a1cf6d7dd7258bdb4eeb6e9004,Campbell Miller Tools Limited,2024,85117
e42182f120069f293efee54ee336e24f,HR Ayton Ltd,2022,73000
e42182f120069f293efee54ee336e24f,HR Ayton Ltd,2023,122490
e42182f120069f293efee54ee336e24f,HR Ayton Ltd,2024,141733
e760294c596b01d9f30a7688f568e848,Manning Machine Tools Ltd,2022,31000
e760294c596b01d9f30a7688f568e848,Manning Machine Tools Ltd,2023,32791
e760294c596b01d9f30a7688f568e848,Manning Machine Tools Ltd,2024,38851
e787994fd238af271a8f6b2dbd9626a8,Johnson Plant Hire,2022,12000
e787994fd238af271a8f6b2dbd9626a8,Johnson Plant Hire,2023,10407
e787994fd238af271a8f6b2dbd9626a8,Johnson Plant Hire,2024,8423
ea9ba5ef79ace4aa9d78538948d83ed0,London Power Tools & Fixings,2022,0
ea9ba5ef79ace4aa9d78538948d83ed0,London Power Tools & Fixings,2023,0
ea9ba5ef79ace4aa9d78538948d83ed0,London Power Tools & Fixings,2024,770
ea44635ab811137d253cfac5aa368e6e,Payne & Starnes (UK) Limited,2022,87000
ea44635ab811137d253cfac5aa368e6e,Payne & Starnes (UK) Limited,2023,94905
ea44635ab811137d253cfac5aa368e6e,Payne & Starnes (UK) Limited,2024,85024
eb36e65b9b4d21ec6a939f7084dbdb62,Stockton Bearings & Transmissions Ltd,2022,226000
eb36e65b9b4d21ec6a939f7084dbdb62,Stockton Bearings & Transmissions Ltd,2023,263872
eb36e65b9b4d21ec6a939f7084dbdb62,Stockton Bearings & Transmissions Ltd,2024,442657
eb4370c5fa6d38f6c9849bd5bf864083,Engineering & Power Tools (Irl) Ltd,2022,298000
eb4370c5fa6d38f6c9849bd5bf864083,Engineering & Power Tools (Irl) Ltd,2023,229842
eb4370c5fa6d38f6c9849bd5bf864083,Engineering & Power Tools (Irl) Ltd,2024,178339
eb9105b9da7f9d9353ae41cbad65f9ad,Autobonus Ltd T/A Bearings Plus Melksham,2022,94000
eb9105b9da7f9d9353ae41cbad65f9ad,Autobonus Ltd T/A Bearings Plus Melksham,2023,115752
eb9105b9da7f9d9353ae41cbad65f9ad,Autobonus Ltd T/A Bearings Plus Melksham,2024,132964
ebaf4b24ac9f98589b588fb9ff56a9bf,Tooling Services (Beds) Limited,2022,66000
ebaf4b24ac9f98589b588fb9ff56a9bf,Tooling Services (Beds) Limited,2023,59230
ebaf4b24ac9f98589b588fb9ff56a9bf,Tooling Services (Beds) Limited,2024,49018
ebcdcf02fa5c85fc9675eabb751b0373,Electro South West Limited,2022,482000
ebcdcf02fa5c85fc9675eabb751b0373,Electro South West Limited,2023,540378
ebcdcf02fa5c85fc9675eabb751b0373,Electro South West Limited,2024,474148
ec6ce8d9325ac40465f2891fe0ea83c5,Mannering Industrial Ltd,2023,250000
ec6ce8d9325ac40465f2891fe0ea83c5,Mannering Industrial Ltd,2024,302339
ec989f4e7d1b8d38a086292ce2225e07,Matrix Tooling Services Ltd (Notts),2022,889000
ec989f4e7d1b8d38a086292ce2225e07,Matrix Tooling Services Ltd (Notts),2023,960153
ec989f4e7d1b8d38a086292ce2225e07,Matrix Tooling Services Ltd (Notts),2024,885726
eca2e594939c91b55935a3c2042ba979,Technisource Ltd,2022,223000
eca2e594939c91b55935a3c2042ba979,Technisource Ltd,2023,298507
eca2e594939c91b55935a3c2042ba979,Technisource Ltd,2024,280531
ed2e67d3108186e93a6ea1d409b7d7c8,Jones & Clark (Burton-on-Trent) Ltd,2022,566000
ed2e67d3108186e93a6ea1d409b7d7c8,Jones & Clark (Burton-on-Trent) Ltd,2023,638894
ed2e67d3108186e93a6ea1d409b7d7c8,Jones & Clark (Burton-on-Trent) Ltd,2024,687277
ed4ad013ddb729b198cf50e7c95aadf5,Hawkings Cladding Ltd T/A Best Priced Tools,2024,267318
ee13db72d51d435b1232788a15ebab5f,Russells Trade & DIY,2022,96000
ee13db72d51d435b1232788a15ebab5f,Russells Trade & DIY,2023,121491
ee13db72d51d435b1232788a15ebab5f,Russells Trade & DIY,2024,247220
ee48436fbac0756374da64ef03e3aae9,Brabbin & Rudd (Bolton),2022,935000
ee48436fbac0756374da64ef03e3aae9,Brabbin & Rudd (Bolton),2023,1031447
ee48436fbac0756374da64ef03e3aae9,Brabbin & Rudd (Bolton),2024,1007424
ef90cbc046b2afd0d036d8223d6e1faa,KL Nuts Bolts and Eng Supplies,2022,146000
ef90cbc046b2afd0d036d8223d6e1faa,KL Nuts Bolts and Eng Supplies,2023,163981
ef90cbc046b2afd0d036d8223d6e1faa,KL Nuts Bolts and Eng Supplies,2024,217577
efb4544b5d25f9b2d5c3d6214ce71127,Ashley Power Ltd,2022,19000
efb4544b5d25f9b2d5c3d6214ce71127,Ashley Power Ltd,2023,33390
efb4544b5d25f9b2d5c3d6214ce71127,Ashley Power Ltd,2024,48421
efb44667f874a49a76f0fcd678f3d613,Northants Tooling Supplies Inc Artisan Tools Ltd,2022,65000
efb44667f874a49a76f0fcd678f3d613,Northants Tooling Supplies Inc Artisan Tools Ltd,2023,69761
efb44667f874a49a76f0fcd678f3d613,Northants Tooling Supplies Inc Artisan Tools Ltd,2024,84993
f0dd6991c4ab2d9afbd7af4b06eae2a6,MGB Supplies,2022,252000
f0dd6991c4ab2d9afbd7af4b06eae2a6,MGB Supplies,2023,261037
f0dd6991c4ab2d9afbd7af4b06eae2a6,MGB Supplies,2024,284377
f1cf85d888b3ff880898b4fa90a3e995,Denis Wilson of Glenavy,2022,211000
f1cf85d888b3ff880898b4fa90a3e995,Denis Wilson of Glenavy,2023,197107
f1cf85d888b3ff880898b4fa90a3e995,Denis Wilson of Glenavy,2024,145949
f2b5643f97bb715c59d240134ef2a65a,H Rothwell & Co Ltd,2022,474000
f2b5643f97bb715c59d240134ef2a65a,H Rothwell & Co Ltd,2023,535962
f2b5643f97bb715c59d240134ef2a65a,H Rothwell & Co Ltd,2024,521293
f4cbd4e0f9b4dd09042e7f5781c71616,Elf Industrial Ltd,2022,146000
f4cbd4e0f9b4dd09042e7f5781c71616,Elf Industrial Ltd,2023,208815
f4cbd4e0f9b4dd09042e7f5781c71616,Elf Industrial Ltd,2024,270756
f7ea8998b19048c9da7dd5c847d0954f,UKOS LTD (Hemel Hempstead),2023,228750
f7ea8998b19048c9da7dd5c847d0954f,UKOS LTD (Hemel Hempstead),2024,129050
f7eb034795a3338a4d4bd15deffb5744,Jackdaw Tools Ltd,2022,952000
f7eb034795a3338a4d4bd15deffb5744,Jackdaw Tools Ltd,2023,991537
f7eb034795a3338a4d4bd15deffb5744,Jackdaw Tools Ltd,2024,522853
f08a329b99dc0c26e133383c510ce803,Daves Trade Centre Ltd,2022,111000
f08a329b99dc0c26e133383c510ce803,Daves Trade Centre Ltd,2023,111393
f08a329b99dc0c26e133383c510ce803,Daves Trade Centre Ltd,2024,55478
f020b62cdce7a75bd43c68b07fc4cf78,G E Tools Ltd (Rhyl),2022,1331000
f020b62cdce7a75bd43c68b07fc4cf78,G E Tools Ltd (Rhyl),2023,1406888
f020b62cdce7a75bd43c68b07fc4cf78,G E Tools Ltd (Rhyl),2024,1349460
f26c00d0e7ab3e855c1517294567aead,Milo Tools Ltd,2022,160000
f26c00d0e7ab3e855c1517294567aead,Milo Tools Ltd,2023,157274
f26c00d0e7ab3e855c1517294567aead,Milo Tools Ltd,2024,136557
f35d2d7d41e87cbe3851f2f293ef89cc,Harlequin Fixings & Sealants Ltd,2022,87000
f35d2d7d41e87cbe3851f2f293ef89cc,Harlequin Fixings & Sealants Ltd,2023,61870
f35d2d7d41e87cbe3851f2f293ef89cc,Harlequin Fixings & Sealants Ltd,2024,31684
f60cdc9f4f0b9b6c3c6282385301d67b,R J Pryce & Co Ltd,2022,324000
f60cdc9f4f0b9b6c3c6282385301d67b,R J Pryce & Co Ltd,2023,317289
f60cdc9f4f0b9b6c3c6282385301d67b,R J Pryce & Co Ltd,2024,339326
f62ae8cc9d1ef6068bc312b1205a7dd8,PHM Plant Services Ltd,2022,709000
f62ae8cc9d1ef6068bc312b1205a7dd8,PHM Plant Services Ltd,2023,787516
f62ae8cc9d1ef6068bc312b1205a7dd8,PHM Plant Services Ltd,2024,694583
f72f4a60716a89488791d13a27c1b95e,Prime Ind & Janitorial Supplies Ltd,2022,467000
f72f4a60716a89488791d13a27c1b95e,Prime Ind & Janitorial Supplies Ltd,2023,490696
f72f4a60716a89488791d13a27c1b95e,Prime Ind & Janitorial Supplies Ltd,2024,555491
f82ee0b66c0839436a358f4aafa2aac0,Romar Innovate Ltd,2022,233000
f82ee0b66c0839436a358f4aafa2aac0,Romar Innovate Ltd,2023,264797
f82ee0b66c0839436a358f4aafa2aac0,Romar Innovate Ltd,2024,508423
f353e168cddcddac394c5f7a236795bd,United Tooling Solutions Ltd (Group),2022,6921000
f353e168cddcddac394c5f7a236795bd,United Tooling Solutions Ltd (Group),2023,6737238
f353e168cddcddac394c5f7a236795bd,United Tooling Solutions Ltd (Group),2024,6688174
f0702e3b53b46ba54a1ce0c9346eecc9,Welford Ironmongers,2022,0
f0702e3b53b46ba54a1ce0c9346eecc9,Welford Ironmongers,2023,0
f762fc1a7507ed574f757f93ecd61710,Supreme Tool Supplies (Midlands) Ltd,2022,394000
f762fc1a7507ed574f757f93ecd61710,Supreme Tool Supplies (Midlands) Ltd,2023,480946
f762fc1a7507ed574f757f93ecd61710,Supreme Tool Supplies (Midlands) Ltd,2024,410041
f3484a1f9cadc615fe3c9fdd17d31241,Bearingboys Limited,2022,883000
f3484a1f9cadc615fe3c9fdd17d31241,Bearingboys Limited,2023,1003879
f3484a1f9cadc615fe3c9fdd17d31241,Bearingboys Limited,2024,1164147
f7658bb85f4521a1a250441a8304647e,Sealco Scotland Ltd,2024,3954
f9523f186a20deb9898caadf2612191d,MCP Fixings Ltd,2022,302000
f9523f186a20deb9898caadf2612191d,MCP Fixings Ltd,2023,262199
f9523f186a20deb9898caadf2612191d,MCP Fixings Ltd,2024,271127
f033519e0a4300be49ed8234624cb388,B&N Robertson Ltd,2023,251550
f033519e0a4300be49ed8234624cb388,B&N Robertson Ltd,2024,98090
f43760e814665039ff4f4fad00e13604,Galloway Industrial Ltd,2023,0
f43516401a8559b0282d28c95069c155,Quality Tooling (North East) Ltd,2022,-1000
f43516401a8559b0282d28c95069c155,Quality Tooling (North East) Ltd,2023,0
f73818573e5c0e8fd5dc10870d039bb5,R & C Components Ltd,2022,485000
f73818573e5c0e8fd5dc10870d039bb5,R & C Components Ltd,2023,533449
f73818573e5c0e8fd5dc10870d039bb5,R & C Components Ltd,2024,433145
fa85c61339c57de020c6c4df0bbed414,Suresafe Protection Ltd,2022,178000
fa85c61339c57de020c6c4df0bbed414,Suresafe Protection Ltd,2023,238439
fa85c61339c57de020c6c4df0bbed414,Suresafe Protection Ltd,2024,317403
faebecbc3417d6625a2b9fe2d0dce6b1,Central Fasteners (Staffs) Limited,2024,170054
faef6910497f78f1620121c38f7cea8f,AIW Key Centre Ltd,2022,55000
faef6910497f78f1620121c38f7cea8f,AIW Key Centre Ltd,2023,56782
faef6910497f78f1620121c38f7cea8f,AIW Key Centre Ltd,2024,63931
fb0eb3c8b6d2cf5732af70a5bddd6842,Kilrevin Holdings Ltd t/a PakSol,2022,22000
fb0eb3c8b6d2cf5732af70a5bddd6842,Kilrevin Holdings Ltd t/a PakSol,2023,49111
fb0eb3c8b6d2cf5732af70a5bddd6842,Kilrevin Holdings Ltd t/a PakSol,2024,45813
fb711346f793e11dda7ab41846fcbf5f,CRT T/A The Toolshed Ltd,2024,3763
fbeb26cdebfd5c5c42e45d6458569244,Midway Tools Ltd,2022,231000
fbeb26cdebfd5c5c42e45d6458569244,Midway Tools Ltd,2023,225916
fbeb26cdebfd5c5c42e45d6458569244,Midway Tools Ltd,2024,305734
fbffec0c0d6f8346c86af454cb6cb7f1,Halt Hire,2023,155562
fbffec0c0d6f8346c86af454cb6cb7f1,Halt Hire,2024,2461
fc019651f5183981171a7eb8c4b2c12d,Grainger Tubolt Ltd,2022,159000
fc019651f5183981171a7eb8c4b2c12d,Grainger Tubolt Ltd,2023,175204
fc019651f5183981171a7eb8c4b2c12d,Grainger Tubolt Ltd,2024,189175
fc36471bc04f5ca087bd2eac0fbc4756,Tool Force UK Ltd,2024,209130
fcc4a8ce628cc2af5a2b2cb6a4f1d2bd,Machine Sales & Services Ltd,2022,130000
fcc4a8ce628cc2af5a2b2cb6a4f1d2bd,Machine Sales & Services Ltd,2023,153378
fcc4a8ce628cc2af5a2b2cb6a4f1d2bd,Machine Sales & Services Ltd,2024,133102
fd232dba5347e76037ef6779cbc73218,Gilbert Laurence Ltd,2022,164000
fd232dba5347e76037ef6779cbc73218,Gilbert Laurence Ltd,2023,172429
fd232dba5347e76037ef6779cbc73218,Gilbert Laurence Ltd,2024,181403
fdb73437027249d4b79b20f59c2e31be,Select Trade Brands Ltd,2022,1233000
fdb73437027249d4b79b20f59c2e31be,Select Trade Brands Ltd,2023,2311275
fdb73437027249d4b79b20f59c2e31be,Select Trade Brands Ltd,2024,5757337
fdf270a92dabe971d0c24220a5682e29,Jac Tools (Aylesbury) Ltd,2022,24000
fdf270a92dabe971d0c24220a5682e29,Jac Tools (Aylesbury) Ltd,2023,35967
fdf270a92dabe971d0c24220a5682e29,Jac Tools (Aylesbury) Ltd,2024,33490
fdfed981457ef70d2a5bfddabbae1f14,Nuts & Bolts Ltd,2022,6941000
fdfed981457ef70d2a5bfddabbae1f14,Nuts & Bolts Ltd,2023,5854118
fdfed981457ef70d2a5bfddabbae1f14,Nuts & Bolts Ltd,2024,4170966
fe0ca2dc068ffeee6578c33323d87c54,Turner Hire & Sales Ltd (Rotherham S60),2022,356000
fe0ca2dc068ffeee6578c33323d87c54,Turner Hire & Sales Ltd (Rotherham S60),2023,436767
fe0ca2dc068ffeee6578c33323d87c54,Turner Hire & Sales Ltd (Rotherham S60),2024,413923
fe6bc6d86b22fdf70aa8befa3416a791,Covelec Limited,2022,0
fe6bc6d86b22fdf70aa8befa3416a791,Covelec Limited,2023,0
fe750f70e310a7e0579ddbcf2a3bd155,Electrical Wholesale Specialists Ltd,2022,12000
fe750f70e310a7e0579ddbcf2a3bd155,Electrical Wholesale Specialists Ltd,2023,7372
fe750f70e310a7e0579ddbcf2a3bd155,Electrical Wholesale Specialists Ltd,2024,1085
feb23638ecf9a923a0cc648644a20d38,Bearings & Drives Ltd,2022,75000
feb23638ecf9a923a0cc648644a20d38,Bearings & Drives Ltd,2023,82000
feb23638ecf9a923a0cc648644a20d38,Bearings & Drives Ltd,2024,70138
feeb708dc998e768926e6f47368f903e,BJB Hire Centre Ltd,2024,82969
ff546c6fcdbda873422203b6b233ef83,Inverlea Supplies Ltd,2022,12000
ff546c6fcdbda873422203b6b233ef83,Inverlea Supplies Ltd,2023,10605
ff546c6fcdbda873422203b6b233ef83,Inverlea Supplies Ltd,2024,2914
ff82810218b794c408ef64c16579f3a2,Bestport (Europe) Ltd,2022,541000
ff82810218b794c408ef64c16579f3a2,Bestport (Europe) Ltd,2023,477522
ff82810218b794c408ef64c16579f3a2,Bestport (Europe) Ltd,2024,329393
ffb0acc6b7a6bba58afc084dd78d1596,Southern Filters Ltd,2022,34000
ffb0acc6b7a6bba58afc084dd78d1596,Southern Filters Ltd,2023,36875
ffb0acc6b7a6bba58afc084dd78d1596,Southern Filters Ltd,2024,22726
